Time,Last Price,Net Change,Volume,OI,Buy Quantity,Sell Quantity,Buy Sell Diff,Total Bid Qty,Total Offer Qty
2025-11-04 21:26:22,119925,0,64496.0,38806.0,1862,2777,-915,5,13
2025-11-04 21:26:17,119925,0,64496.0,38808.0,1860,2781,-921,13,16
2025-11-04 21:26:12,119930,0,64493.0,38808.0,1863,2779,-916,5,11
2025-11-04 21:26:06,119940,0,64485.0,38808.0,1874,2771,-897,12,12
2025-11-04 21:26:01,119940,0,64484.0,38808.0,1874,2774,-900,12,13
2025-11-04 21:25:56,119940,0,64483.0,38814.0,1867,2768,-901,12,12
2025-11-04 21:25:50,119944,0,64478.0,38814.0,1893,2762,-869,7,10
2025-11-04 21:25:45,119940,0,64476.0,38814.0,1878,2763,-885,10,9
2025-11-04 21:25:40,119944,0,64475.0,38814.0,1868,2779,-911,6,13
2025-11-04 21:25:35,119944,0,64475.0,38814.0,1863,2774,-911,11,14
2025-11-04 21:25:29,119946,0,64472.0,38814.0,1866,2772,-906,6,15
2025-11-04 21:25:24,119953,0,64469.0,38814.0,1866,2770,-904,7,13
2025-11-04 21:25:19,119954,0,64465.0,38813.0,1861,2768,-907,9,11
2025-11-04 21:25:14,119943,0,64461.0,38813.0,1860,2768,-908,9,13
2025-11-04 21:25:08,119950,0,64448.0,38813.0,1859,2767,-908,11,11
2025-11-04 21:25:03,119950,0,64448.0,38813.0,1862,2761,-899,10,21
2025-11-04 21:24:58,119930,0,64439.0,38813.0,1853,2773,-920,12,17
2025-11-04 21:24:53,119930,0,64439.0,38813.0,1850,2767,-917,11,14
2025-11-04 21:24:48,119930,0,64438.0,38813.0,1852,2761,-909,12,10
2025-11-04 21:24:42,119930,0,64436.0,38812.0,1864,2775,-911,14,14
2025-11-04 21:24:37,119934,0,64429.0,38812.0,1851,2782,-931,19,12
2025-11-04 21:24:32,119947,0,64421.0,38812.0,1858,2779,-921,13,17
2025-11-04 21:24:27,119937,0,64418.0,38812.0,1859,2775,-916,9,14
2025-11-04 21:24:21,119964,0,64417.0,38812.0,1870,2772,-902,11,14
2025-11-04 21:24:16,119953,0,64413.0,38812.0,1865,2779,-914,13,17
2025-11-04 21:24:11,119953,0,64413.0,38812.0,1867,2779,-912,14,18
2025-11-04 21:24:06,119954,0,64410.0,38797.0,1869,2766,-897,11,13
2025-11-04 21:24:01,119957,0,64409.0,38797.0,1871,2775,-904,7,14
2025-11-04 21:23:56,119954,0,64408.0,38797.0,1868,2773,-905,11,20
2025-11-04 21:23:50,119954,0,64408.0,38797.0,1873,2765,-892,12,18
2025-11-04 21:23:45,119975,0,64404.0,38797.0,1864,2780,-916,10,14
2025-11-04 21:23:40,119955,0,64403.0,38797.0,1874,2777,-903,13,10
2025-11-04 21:23:35,119980,0,64393.0,38797.0,1863,2786,-923,10,10
2025-11-04 21:23:30,119980,0,64393.0,38797.0,1866,2767,-901,11,14
2025-11-04 21:23:25,119960,0,64392.0,38797.0,1872,2771,-899,12,9
2025-11-04 21:23:19,119956,0,64391.0,38797.0,1866,2781,-915,12,12
2025-11-04 21:23:14,119993,0,64390.0,38797.0,1866,2765,-899,11,14
2025-11-04 21:23:09,119991,0,64386.0,38794.0,1878,2766,-888,17,10
2025-11-04 21:23:04,119975,0,64382.0,38794.0,1871,2771,-900,11,15
2025-11-04 21:22:59,119970,0,64378.0,38794.0,1872,2762,-890,13,5
2025-11-04 21:22:54,119969,0,64377.0,38794.0,1875,2767,-892,11,11
2025-11-04 21:22:48,119953,0,64376.0,38792.0,1873,2773,-900,10,11
2025-11-04 21:22:43,119971,0,64374.0,38792.0,1870,2766,-896,12,14
2025-11-04 21:22:38,119969,0,64372.0,38792.0,1863,2785,-922,9,12
2025-11-04 21:22:33,119969,0,64371.0,38796.0,1863,2789,-926,9,13
2025-11-04 21:22:28,119953,0,64368.0,38796.0,1859,2785,-926,7,15
2025-11-04 21:22:23,119950,0,64367.0,38796.0,1869,2777,-908,8,10
2025-11-04 21:22:17,119953,0,64362.0,38796.0,1868,2783,-915,8,12
2025-11-04 21:22:12,119953,0,64362.0,38796.0,1858,2793,-935,11,12
2025-11-04 21:22:07,119937,0,64361.0,38791.0,1864,2779,-915,9,10
2025-11-04 21:22:02,119940,0,64358.0,38791.0,1852,2804,-952,12,16
2025-11-04 21:21:57,119970,0,64351.0,38791.0,1871,2787,-916,18,10
2025-11-04 21:21:52,119952,0,64350.0,38791.0,1873,2792,-919,18,18
2025-11-04 21:21:47,119951,0,64349.0,38796.0,1868,2782,-914,15,12
2025-11-04 21:21:42,119995,0,64345.0,38796.0,1848,2778,-930,7,12
2025-11-04 21:21:36,119995,0,64342.0,38796.0,1853,2759,-906,16,21
2025-11-04 21:21:31,119992,0,64340.0,38796.0,1866,2762,-896,16,21
2025-11-04 21:21:26,119970,0,64334.0,38800.0,1853,2766,-913,19,17
2025-11-04 21:21:21,119942,0,64329.0,38800.0,1837,2785,-948,9,10
2025-11-04 21:21:16,119934,0,64328.0,38800.0,1833,2785,-952,7,10
2025-11-04 21:21:10,119934,0,64328.0,38800.0,1828,2783,-955,9,11
2025-11-04 21:21:05,119945,0,64327.0,38800.0,1831,2779,-948,10,10
2025-11-04 21:21:00,119945,0,64325.0,38800.0,1824,2777,-953,16,10
2025-11-04 21:20:55,119951,0,64320.0,38800.0,1829,2783,-954,8,12
2025-11-04 21:20:50,119959,0,64317.0,38800.0,1841,2776,-935,19,11
2025-11-04 21:20:45,119959,0,64315.0,38800.0,1836,2770,-934,15,11
2025-11-04 21:20:40,119950,0,64313.0,38798.0,1829,2772,-943,15,11
2025-11-04 21:20:35,119948,0,64311.0,38798.0,1826,2757,-931,16,12
2025-11-04 21:20:29,119948,0,64311.0,38798.0,1823,2766,-943,7,16
2025-11-04 21:20:24,119963,0,64310.0,38798.0,1830,2760,-930,13,15
2025-11-04 21:20:19,119988,0,64307.0,38798.0,1828,2754,-926,9,14
2025-11-04 21:20:14,119960,0,64300.0,38798.0,1826,2755,-929,7,10
2025-11-04 21:20:09,119930,0,64292.0,38797.0,1821,2764,-943,6,11
2025-11-04 21:20:04,119939,0,64284.0,38797.0,1810,2758,-948,9,10
2025-11-04 21:19:59,119939,0,64284.0,38797.0,1807,2751,-944,8,14
2025-11-04 21:19:53,119930,0,64279.0,38797.0,1815,2750,-935,11,12
2025-11-04 21:19:48,119932,0,64276.0,38797.0,1816,2754,-938,14,13
2025-11-04 21:19:43,119961,0,64270.0,38797.0,1815,2769,-954,14,9
2025-11-04 21:19:38,119995,0,64258.0,38797.0,1831,2734,-903,19,13
2025-11-04 21:19:33,119995,0,64258.0,38797.0,1821,2736,-915,19,22
2025-11-04 21:19:28,119995,0,64258.0,38797.0,1815,2740,-925,20,29
2025-11-04 21:19:23,119979,0,64245.0,38797.0,1810,2737,-927,15,25
2025-11-04 21:19:17,119974,0,64244.0,38783.0,1794,2753,-959,10,11
2025-11-04 21:19:12,119974,0,64230.0,38783.0,1816,2748,-932,12,13
2025-11-04 21:19:07,119974,0,64229.0,38783.0,1799,2745,-946,15,13
2025-11-04 21:19:02,119974,0,64229.0,38783.0,1787,2729,-942,15,11
2025-11-04 21:18:57,119957,0,64224.0,38783.0,1786,2731,-945,15,14
2025-11-04 21:18:52,120000,0,64208.0,38783.0,1807,2718,-911,16,5
2025-11-04 21:18:47,120000,0,64201.0,38783.0,1814,2728,-914,14,8
2025-11-04 21:18:41,120000,0,64201.0,38783.0,1812,2735,-923,14,9
2025-11-04 21:18:36,120000,0,64200.0,38783.0,1807,2715,-908,16,21
2025-11-04 21:18:31,120005,0,64196.0,38786.0,1807,2711,-904,13,16
2025-11-04 21:18:26,119983,0,64192.0,38786.0,1812,2703,-891,10,14
2025-11-04 21:18:21,120001,0,64187.0,38786.0,1795,2699,-904,10,13
2025-11-04 21:18:16,120005,0,64182.0,38786.0,1806,2697,-891,17,20
2025-11-04 21:18:10,120005,0,64178.0,38786.0,1816,2694,-878,18,12
2025-11-04 21:18:05,120018,0,64172.0,38794.0,1813,2686,-873,20,15
2025-11-04 21:18:00,120035,0,64170.0,38794.0,1814,2673,-859,10,11
2025-11-04 21:17:55,120034,0,64165.0,38794.0,1815,2682,-867,8,19
2025-11-04 21:17:50,119999,0,64147.0,38801.0,1803,2680,-877,11,19
2025-11-04 21:17:45,119970,0,64132.0,38801.0,1807,2686,-879,9,5
2025-11-04 21:17:40,119971,0,64130.0,38801.0,1800,2688,-888,9,12
2025-11-04 21:17:34,119937,0,64121.0,38801.0,1793,2694,-901,9,11
2025-11-04 21:17:29,119935,0,64111.0,38801.0,1786,2702,-916,16,12
2025-11-04 21:17:24,119926,0,64108.0,38802.0,1782,2700,-918,31,10
2025-11-04 21:17:19,119926,0,64108.0,38802.0,1799,2699,-900,7,13
2025-11-04 21:17:14,119900,0,64104.0,38802.0,1769,2691,-922,20,10
2025-11-04 21:17:09,119913,0,64063.0,38802.0,1805,2720,-915,56,11
2025-11-04 21:17:04,119947,0,64048.0,38794.0,1819,2716,-897,8,11
2025-11-04 21:16:59,119940,0,64047.0,38794.0,1816,2723,-907,5,9
2025-11-04 21:16:53,119950,0,64038.0,38794.0,1822,2721,-899,12,12
2025-11-04 21:16:48,119958,0,64028.0,38794.0,1817,2716,-899,12,13
2025-11-04 21:16:43,119960,0,64022.0,38794.0,1819,2731,-912,17,8
2025-11-04 21:16:38,119976,0,64018.0,38806.0,1823,2722,-899,8,17
2025-11-04 21:16:33,119960,0,64014.0,38806.0,1814,2716,-902,8,15
2025-11-04 21:16:28,119970,0,64008.0,38806.0,1813,2701,-888,10,14
2025-11-04 21:16:23,119960,0,64005.0,38806.0,1804,2703,-899,12,10
2025-11-04 21:16:18,119953,0,63998.0,38806.0,1810,2700,-890,16,8
2025-11-04 21:16:13,119950,0,63992.0,38806.0,1803,2706,-903,7,13
2025-11-04 21:16:07,119950,0,63971.0,38806.0,1794,2722,-928,7,11
2025-11-04 21:16:02,119941,0,63963.0,38806.0,1780,2721,-941,7,11
2025-11-04 21:15:57,119951,0,63954.0,38815.0,1784,2732,-948,9,9
2025-11-04 21:15:52,119951,0,63946.0,38815.0,1783,2721,-938,12,11
2025-11-04 21:15:47,119947,0,63940.0,38815.0,1789,2725,-936,7,16
2025-11-04 21:15:42,119962,0,63917.0,38815.0,1775,2716,-941,10,14
2025-11-04 21:15:37,119975,0,63909.0,38815.0,1780,2722,-942,14,9
2025-11-04 21:15:31,119980,0,63902.0,38815.0,1769,2720,-951,18,8
2025-11-04 21:15:26,120008,0,63879.0,38815.0,1754,2718,-964,26,17
2025-11-04 21:15:21,120012,0,63863.0,38815.0,1760,2711,-951,20,7
2025-11-04 21:15:16,120021,0,63848.0,38810.0,1760,2719,-959,7,10
2025-11-04 21:15:11,120033,0,63842.0,38810.0,1765,2703,-938,6,11
2025-11-04 21:15:06,120035,0,63841.0,38810.0,1776,2695,-919,6,10
2025-11-04 21:15:01,120035,0,63791.0,38810.0,1795,2694,-899,7,10
2025-11-04 21:14:55,120070,0,63770.0,38810.0,1795,2681,-886,17,10
2025-11-04 21:14:50,120075,0,63764.0,38810.0,1814,2686,-872,12,15
2025-11-04 21:14:45,120060,0,63761.0,38810.0,1827,2690,-863,11,14
2025-11-04 21:14:40,120084,0,63747.0,38810.0,1832,2680,-848,17,7
2025-11-04 21:14:35,120098,0,63744.0,38814.0,1838,2683,-845,22,10
2025-11-04 21:14:30,120091,0,63739.0,38814.0,1829,2687,-858,21,14
2025-11-04 21:14:25,120091,0,63739.0,38814.0,1831,2697,-866,18,13
2025-11-04 21:14:19,120091,0,63732.0,38814.0,1850,2687,-837,11,13
2025-11-04 21:14:14,120122,0,63729.0,38814.0,1839,2705,-866,12,9
2025-11-04 21:14:09,120100,0,63707.0,38817.0,1837,2701,-864,7,6
2025-11-04 21:14:04,120115,0,63698.0,38817.0,1836,2696,-860,6,8
2025-11-04 21:13:59,120115,0,63696.0,38817.0,1831,2693,-862,11,9
2025-11-04 21:13:54,120115,0,63693.0,38817.0,1823,2691,-868,9,7
2025-11-04 21:13:49,120115,0,63693.0,38810.0,1826,2698,-872,15,8
2025-11-04 21:13:44,120101,0,63692.0,38810.0,1805,2691,-886,31,9
2025-11-04 21:13:38,120119,0,63684.0,38810.0,1826,2683,-857,14,8
2025-11-04 21:13:33,120125,0,63676.0,38810.0,1837,2688,-851,13,10
2025-11-04 21:13:28,120080,0,63653.0,38810.0,1809,2710,-901,14,5
2025-11-04 21:13:23,120065,0,63647.0,38813.0,1809,2709,-900,17,6
2025-11-04 21:13:18,120084,0,63637.0,38813.0,1823,2707,-884,15,10
2025-11-04 21:13:13,120084,0,63637.0,38813.0,1815,2705,-890,14,6
2025-11-04 21:13:08,120096,0,63632.0,38841.0,1816,2719,-903,17,7
2025-11-04 21:13:03,120096,0,63629.0,38841.0,1829,2699,-870,19,23
2025-11-04 21:12:57,120117,0,63627.0,38841.0,1825,2698,-873,14,11
2025-11-04 21:12:52,120108,0,63623.0,38841.0,1843,2701,-858,21,6
2025-11-04 21:12:47,120087,0,63544.0,38841.0,1828,2714,-886,20,11
2025-11-04 21:12:42,120090,0,63541.0,38841.0,1831,2712,-881,14,10
2025-11-04 21:12:37,120062,0,63537.0,38838.0,1836,2714,-878,9,11
2025-11-04 21:12:32,120053,0,63521.0,38838.0,1805,2710,-905,24,5
2025-11-04 21:12:27,120053,0,63502.0,38838.0,1813,2706,-893,10,7
2025-11-04 21:12:22,120060,0,63484.0,38838.0,1800,2704,-904,38,13
2025-11-04 21:12:17,120080,0,63475.0,38838.0,1797,2700,-903,8,8
2025-11-04 21:12:11,120084,0,63469.0,38838.0,1803,2684,-881,9,7
2025-11-04 21:12:06,120085,0,63464.0,38838.0,1807,2675,-868,9,10
2025-11-04 21:12:01,120095,0,63447.0,38838.0,1813,2675,-862,30,17
2025-11-04 21:11:56,120072,0,63425.0,38838.0,1795,2703,-908,21,11
2025-11-04 21:11:51,120100,0,63421.0,38838.0,1818,2692,-874,33,15
2025-11-04 21:11:46,120100,0,63410.0,38838.0,1811,2684,-873,32,11
2025-11-04 21:11:41,120093,0,63398.0,38838.0,1807,2702,-895,6,8
2025-11-04 21:11:36,120065,0,63391.0,38838.0,1804,2688,-884,26,5
2025-11-04 21:11:30,120082,0,63373.0,38851.0,1788,2691,-903,23,15
2025-11-04 21:11:25,120053,0,63371.0,38851.0,1761,2692,-931,20,5
2025-11-04 21:11:20,120072,0,63363.0,38851.0,1741,2705,-964,20,9
2025-11-04 21:11:15,120067,0,63355.0,38851.0,1766,2694,-928,12,14
2025-11-04 21:11:10,120061,0,63345.0,38851.0,1755,2696,-941,21,8
2025-11-04 21:11:05,120097,0,63341.0,38851.0,1765,2689,-924,14,7
2025-11-04 21:10:59,120097,0,63331.0,38851.0,1759,2676,-917,21,7
2025-11-04 21:10:54,120091,0,63314.0,38851.0,1774,2642,-868,30,6
2025-11-04 21:10:49,120101,0,63302.0,38851.0,1787,2619,-832,32,9
2025-11-04 21:10:44,120119,0,63277.0,38851.0,1810,2614,-804,36,13
2025-11-04 21:10:39,120136,0,63265.0,38851.0,1795,2602,-807,30,7
2025-11-04 21:10:33,120122,0,63243.0,38851.0,1776,2606,-830,22,16
2025-11-04 21:10:28,120097,0,63212.0,38869.0,1769,2619,-850,22,11
2025-11-04 21:10:23,120119,0,63188.0,38869.0,1801,2586,-785,53,7
2025-11-04 21:10:18,120140,0,63170.0,38869.0,1802,2592,-790,25,12
2025-11-04 21:10:13,120150,0,63157.0,38869.0,1821,2585,-764,31,13
2025-11-04 21:10:08,120149,0,63099.0,38869.0,1820,2594,-774,25,11
2025-11-04 21:10:03,120126,0,63080.0,38882.0,1809,2599,-790,28,8
2025-11-04 21:09:58,120150,0,63046.0,38882.0,1836,2575,-739,21,8
2025-11-04 21:09:52,120150,0,63032.0,38882.0,1829,2585,-756,7,8
2025-11-04 21:09:47,120126,0,63000.0,38882.0,1836,2617,-781,10,10
2025-11-04 21:09:42,120070,0,62924.0,38882.0,1823,2649,-826,10,10
2025-11-04 21:09:37,120047,0,62905.0,38882.0,1841,2663,-822,9,11
2025-11-04 21:09:32,120015,0,62885.0,38874.0,1821,2668,-847,12,6
2025-11-04 21:09:27,120000,0,62864.0,38874.0,1813,2688,-875,6,7
2025-11-04 21:09:22,119979,0,62852.0,38874.0,1824,2695,-871,20,11
2025-11-04 21:09:16,119981,0,62841.0,38857.0,1782,2710,-928,15,13
2025-11-04 21:09:11,119999,0,62824.0,38857.0,1797,2699,-902,11,19
2025-11-04 21:09:06,120001,0,62818.0,38857.0,1800,2680,-880,9,20
2025-11-04 21:09:01,120000,0,62816.0,38857.0,1816,2670,-854,10,16
2025-11-04 21:08:56,120000,0,62800.0,38857.0,1803,2679,-876,6,26
2025-11-04 21:08:51,119970,0,62771.0,38857.0,1798,2690,-892,9,10
2025-11-04 21:08:46,119970,0,62770.0,38847.0,1795,2705,-910,13,9
2025-11-04 21:08:41,119973,0,62767.0,38847.0,1802,2695,-893,10,6
2025-11-04 21:08:35,119920,0,62746.0,38847.0,1784,2711,-927,9,7
2025-11-04 21:08:30,119913,0,62744.0,38847.0,1784,2717,-933,9,13
2025-11-04 21:08:25,119913,0,62744.0,38855.0,1791,2709,-918,11,14
2025-11-04 21:08:20,119943,0,62737.0,38855.0,1797,2698,-901,15,6
2025-11-04 21:08:15,119907,0,62733.0,38855.0,1796,2696,-900,13,6
2025-11-04 21:08:10,119906,0,62716.0,38855.0,1780,2706,-926,14,12
2025-11-04 21:08:05,119928,0,62701.0,38857.0,1791,2696,-905,11,8
2025-11-04 21:07:59,119877,0,62688.0,38857.0,1781,2687,-906,13,10
2025-11-04 21:07:54,119870,0,62683.0,38857.0,1788,2700,-912,12,8
2025-11-04 21:07:49,119870,0,62680.0,38857.0,1776,2692,-916,11,8
2025-11-04 21:07:44,119871,0,62670.0,38857.0,1770,2684,-914,12,10
2025-11-04 21:07:39,119889,0,62665.0,38857.0,1780,2682,-902,16,9
2025-11-04 21:07:34,119892,0,62651.0,38857.0,1772,2693,-921,10,8
2025-11-04 21:07:29,119900,0,62645.0,38857.0,1788,2679,-891,11,8
2025-11-04 21:07:23,119900,0,62639.0,38857.0,1773,2684,-911,17,10
2025-11-04 21:07:18,119909,0,62631.0,38840.0,1796,2684,-888,25,7
2025-11-04 21:07:13,119892,0,62628.0,38840.0,1769,2692,-923,14,7
2025-11-04 21:07:08,119900,0,62626.0,38840.0,1762,2699,-937,10,9
2025-11-04 21:07:03,119910,0,62611.0,38840.0,1763,2679,-916,15,13
2025-11-04 21:06:58,119917,0,62597.0,38840.0,1783,2671,-888,11,13
2025-11-04 21:06:53,119956,0,62580.0,38910.0,1761,2661,-900,16,6
2025-11-04 21:06:47,119960,0,62573.0,38910.0,1776,2678,-902,15,13
2025-11-04 21:06:42,119963,0,62553.0,38910.0,1781,2655,-874,10,13
2025-11-04 21:06:37,119999,0,62540.0,38910.0,1773,2647,-874,16,8
2025-11-04 21:06:32,120029,0,62517.0,38910.0,1796,2631,-835,5,6
2025-11-04 21:06:27,120042,0,62503.0,38910.0,1801,2620,-819,10,5
2025-11-04 21:06:22,120079,0,62470.0,38910.0,1816,2594,-778,6,8
2025-11-04 21:06:17,120047,0,62449.0,38910.0,1814,2601,-787,8,5
2025-11-04 21:06:11,120036,0,62433.0,38910.0,1809,2598,-789,11,5
2025-11-04 21:06:06,120045,0,62394.0,38910.0,1797,2609,-812,11,10
2025-11-04 21:06:01,119977,0,62363.0,38910.0,1819,2615,-796,16,11
2025-11-04 21:05:56,120010,0,62326.0,38910.0,1800,2601,-801,12,8
2025-11-04 21:05:50,120020,0,62281.0,38929.0,1816,2612,-796,12,14
2025-11-04 21:05:45,119960,0,62118.0,38929.0,1830,2740,-910,9,15
2025-11-04 21:05:40,119949,0,62087.0,38929.0,1798,2769,-971,19,31
2025-11-04 21:05:34,119940,0,62084.0,38929.0,1802,2770,-968,20,31
2025-11-04 21:05:29,119937,0,62081.0,38929.0,1786,2782,-996,13,9
2025-11-04 21:05:24,119946,0,62074.0,38934.0,1781,2778,-997,11,7
2025-11-04 21:05:19,119924,0,62057.0,38934.0,1776,2765,-989,13,11
2025-11-04 21:05:14,119924,0,62054.0,38934.0,1770,2764,-994,12,7
2025-11-04 21:05:09,119930,0,62039.0,38933.0,1787,2760,-973,18,8
2025-11-04 21:05:04,119904,0,62028.0,38933.0,1782,2763,-981,20,6
2025-11-04 21:04:58,119891,0,62012.0,38933.0,1757,2787,-1030,18,17
2025-11-04 21:04:53,119870,0,62004.0,38933.0,1736,2802,-1066,15,8
2025-11-04 21:04:48,119860,0,62003.0,38933.0,1723,2816,-1093,13,9
2025-11-04 21:04:43,119865,0,62001.0,38925.0,1722,2819,-1097,16,7
2025-11-04 21:04:38,119890,0,61996.0,38925.0,1715,2824,-1109,19,9
2025-11-04 21:04:33,119890,0,61996.0,38925.0,1729,2802,-1073,17,8
2025-11-04 21:04:27,119900,0,61987.0,38925.0,1721,2818,-1097,17,10
2025-11-04 21:04:22,119898,0,61986.0,38933.0,1716,2794,-1078,17,19
2025-11-04 21:04:17,119906,0,61972.0,38933.0,1738,2769,-1031,9,8
2025-11-04 21:04:12,119934,0,61952.0,38933.0,1730,2763,-1033,15,6
2025-11-04 21:04:07,119938,0,61939.0,38933.0,1731,2759,-1028,12,10
2025-11-04 21:04:02,119921,0,61918.0,38933.0,1731,2762,-1031,15,9
2025-11-04 21:03:57,119934,0,61911.0,38933.0,1734,2761,-1027,18,10
2025-11-04 21:03:52,119931,0,61887.0,38933.0,1750,2752,-1002,19,7
2025-11-04 21:03:46,119932,0,61868.0,38933.0,1761,2761,-1000,17,10
2025-11-04 21:03:41,119924,0,61842.0,38969.0,1768,2745,-977,13,7
2025-11-04 21:03:36,119900,0,61797.0,38969.0,1749,2769,-1020,20,36
2025-11-04 21:03:31,119862,0,61760.0,38969.0,1761,2798,-1037,21,17
2025-11-04 21:03:26,119848,0,61738.0,38969.0,1730,2825,-1095,30,11
2025-11-04 21:03:19,119850,0,61729.0,38969.0,1720,2819,-1099,24,10
2025-11-04 21:03:13,119850,0,61726.0,38969.0,1734,2811,-1077,17,10
2025-11-04 21:03:08,119850,0,61712.0,38969.0,1737,2821,-1084,16,19
2025-11-04 21:03:03,119848,0,61708.0,38969.0,1719,2824,-1105,14,23
2025-11-04 21:02:58,119834,0,61703.0,38969.0,1706,2820,-1114,19,17
2025-11-04 21:02:53,119850,0,61692.0,38969.0,1716,2813,-1097,18,13
2025-11-04 21:02:48,119842,0,61681.0,38969.0,1708,2821,-1113,21,15
2025-11-04 21:02:42,119804,0,61662.0,38969.0,1699,2852,-1153,15,14
2025-11-04 21:02:37,119826,0,61654.0,38977.0,1701,2848,-1147,15,19
2025-11-04 21:02:32,119830,0,61652.0,38977.0,1704,2844,-1140,14,20
2025-11-04 21:02:27,119819,0,61646.0,38977.0,1697,2860,-1163,14,13
2025-11-04 21:02:22,119830,0,61643.0,38977.0,1711,2843,-1132,15,16
2025-11-04 21:02:17,119823,0,61631.0,38977.0,1708,2845,-1137,16,27
2025-11-04 21:02:12,119787,0,61575.0,39027.0,1705,2889,-1184,18,9
2025-11-04 21:02:05,119740,0,61556.0,39027.0,1677,2903,-1226,13,13
2025-11-04 21:02:00,119755,0,61555.0,39027.0,1677,2893,-1216,10,14
2025-11-04 21:01:55,119751,0,61553.0,39029.0,1686,2895,-1209,10,10
2025-11-04 21:01:49,119737,0,61552.0,39029.0,1675,2901,-1226,10,12
2025-11-04 21:01:44,119740,0,61551.0,39029.0,1674,2897,-1223,22,14
2025-11-04 21:01:38,119752,0,61546.0,39029.0,1706,2896,-1190,7,5
2025-11-04 21:01:33,119714,0,61543.0,39029.0,1693,2888,-1195,17,10
2025-11-04 21:01:28,119714,0,61543.0,39032.0,1677,2895,-1218,7,12
2025-11-04 21:01:23,119752,0,61539.0,39032.0,1694,2882,-1188,11,10
2025-11-04 21:01:16,119739,0,61538.0,39032.0,1688,2900,-1212,12,11
2025-11-04 21:01:11,119739,0,61538.0,39032.0,1678,2900,-1222,6,14
2025-11-04 21:01:06,119743,0,61529.0,39032.0,1682,2896,-1214,8,13
2025-11-04 21:01:01,119734,0,61520.0,39032.0,1675,2905,-1230,6,12
2025-11-04 21:00:55,119724,0,61516.0,39032.0,1676,2916,-1240,7,11
2025-11-04 21:00:50,119751,0,61513.0,39032.0,1684,2898,-1214,6,12
2025-11-04 21:00:44,119763,0,61510.0,39038.0,1712,2907,-1195,6,6
2025-11-04 21:00:39,119762,0,61509.0,39038.0,1696,2917,-1221,11,14
2025-11-04 21:00:34,119750,0,61505.0,39038.0,1714,2883,-1169,8,7
2025-11-04 21:00:29,119743,0,61499.0,39044.0,1685,2880,-1195,8,11
2025-11-04 21:00:24,119743,0,61499.0,39044.0,1690,2882,-1192,5,12
2025-11-04 21:00:19,119717,0,61490.0,39044.0,1711,2873,-1162,7,14
2025-11-04 21:00:14,119718,0,61489.0,39044.0,1697,2886,-1189,8,13
2025-11-04 21:00:08,119704,0,61487.0,39044.0,1686,2897,-1211,18,10
2025-11-04 21:00:03,119738,0,61470.0,39044.0,1672,2885,-1213,22,10
2025-11-04 20:59:58,119737,0,61464.0,39045.0,1668,2883,-1215,9,12
2025-11-04 20:59:53,119734,0,61461.0,39045.0,1668,2872,-1204,9,11
2025-11-04 20:59:48,119722,0,61460.0,39045.0,1669,2870,-1201,9,10
2025-11-04 20:59:43,119722,0,61460.0,39045.0,1674,2874,-1200,6,14
2025-11-04 20:59:38,119722,0,61460.0,39045.0,1696,2868,-1172,10,13
2025-11-04 20:59:33,119735,0,61451.0,39049.0,1674,2867,-1193,7,14
2025-11-04 20:59:27,119739,0,61449.0,39049.0,1679,2862,-1183,6,7
2025-11-04 20:59:22,119750,0,61444.0,39049.0,1667,2878,-1211,7,12
2025-11-04 20:59:17,119725,0,61443.0,39049.0,1674,2879,-1205,8,6
2025-11-04 20:59:12,119740,0,61434.0,39049.0,1676,2875,-1199,11,13
2025-11-04 20:59:07,119740,0,61433.0,39049.0,1678,2872,-1194,10,12
2025-11-04 20:59:02,119740,0,61433.0,39049.0,1675,2872,-1197,10,14
2025-11-04 20:58:56,119740,0,61433.0,39049.0,1678,2870,-1192,11,11
2025-11-04 20:58:51,119760,0,61432.0,39049.0,1681,2868,-1187,10,16
2025-11-04 20:58:46,119766,0,61431.0,39049.0,1674,2876,-1202,9,6
2025-11-04 20:58:39,119750,0,61427.0,39049.0,1692,2872,-1180,10,16
2025-11-04 20:58:34,119750,0,61427.0,39043.0,1679,2867,-1188,12,13
2025-11-04 20:58:29,119750,0,61427.0,39043.0,1691,2865,-1174,10,13
2025-11-04 20:58:24,119757,0,61425.0,39043.0,1696,2865,-1169,15,16
2025-11-04 20:58:18,119744,0,61421.0,39043.0,1673,2875,-1202,9,9
2025-11-04 20:58:13,119721,0,61410.0,39043.0,1669,2882,-1213,12,12
2025-11-04 20:58:08,119732,0,61409.0,39043.0,1676,2867,-1191,10,14
2025-11-04 20:58:03,119732,0,61409.0,39043.0,1665,2873,-1208,14,8
2025-11-04 20:57:58,119745,0,61404.0,39043.0,1685,2862,-1177,6,7
2025-11-04 20:57:53,119720,0,61402.0,39043.0,1660,2868,-1208,13,6
2025-11-04 20:57:47,119728,0,61389.0,39037.0,1652,2886,-1234,9,14
2025-11-04 20:57:42,119728,0,61389.0,39037.0,1652,2886,-1234,9,14
2025-11-04 20:57:37,119728,0,61389.0,39037.0,1652,2886,-1234,9,14
2025-11-04 20:57:32,119728,0,61389.0,39037.0,1652,2886,-1234,9,14
2025-11-04 20:57:27,119728,0,61389.0,39037.0,1652,2886,-1234,9,14
2025-11-04 20:57:22,119728,0,61389.0,39034.0,1652,2882,-1230,9,7
2025-11-04 20:57:16,119720,0,61387.0,39034.0,1663,2863,-1200,10,5
2025-11-04 20:57:11,119728,0,61383.0,39034.0,1652,2875,-1223,12,7
2025-11-04 20:57:06,119745,0,61382.0,39034.0,1655,2868,-1213,13,5
2025-11-04 20:57:01,119724,0,61379.0,39034.0,1670,2869,-1199,10,5
2025-11-04 20:56:56,119720,0,61378.0,39028.0,1658,2870,-1212,11,5
2025-11-04 20:56:51,119758,0,61376.0,39028.0,1666,2883,-1217,9,7
2025-11-04 20:56:46,119754,0,61370.0,39028.0,1653,2874,-1221,12,7
2025-11-04 20:56:40,119770,0,61347.0,39026.0,1679,2856,-1177,17,8
2025-11-04 20:56:35,119770,0,61347.0,39026.0,1679,2856,-1177,17,8
2025-11-04 20:56:30,119770,0,61347.0,39026.0,1679,2856,-1177,17,8
2025-11-04 20:56:25,119770,0,61347.0,39026.0,1679,2856,-1177,17,8
2025-11-04 20:56:20,119770,0,61347.0,39026.0,1679,2856,-1177,17,8
2025-11-04 20:56:15,119770,0,61347.0,39026.0,1679,2856,-1177,17,8
2025-11-04 20:56:10,119754,0,61345.0,39020.0,1672,2858,-1186,10,6
2025-11-04 20:56:04,119780,0,61343.0,39020.0,1669,2864,-1195,13,9
2025-11-04 20:55:59,119787,0,61334.0,39020.0,1670,2856,-1186,9,6
2025-11-04 20:55:54,119787,0,61334.0,39020.0,1674,2855,-1181,13,8
2025-11-04 20:55:49,119765,0,61321.0,39020.0,1652,2865,-1213,9,6
2025-11-04 20:55:44,119775,0,61319.0,39020.0,1657,2854,-1197,11,9
2025-11-04 20:55:39,119770,0,61317.0,39020.0,1654,2856,-1202,16,8
2025-11-04 20:55:34,119770,0,61312.0,39020.0,1653,2858,-1205,9,11
2025-11-04 20:55:28,119785,0,61311.0,39020.0,1637,2867,-1230,10,5
2025-11-04 20:55:23,119787,0,61305.0,39020.0,1645,2859,-1214,10,7
2025-11-04 20:55:18,119780,0,61303.0,39020.0,1651,2850,-1199,10,5
2025-11-04 20:55:13,119750,0,61300.0,39020.0,1671,2840,-1169,12,6
2025-11-04 20:55:08,119733,0,61296.0,39021.0,1655,2860,-1205,5,6
2025-11-04 20:55:03,119724,0,61294.0,39021.0,1639,2857,-1218,12,6
2025-11-04 20:54:58,119751,0,61290.0,39021.0,1640,2868,-1228,10,6
2025-11-04 20:54:52,119751,0,61290.0,39021.0,1662,2857,-1195,11,5
2025-11-04 20:54:47,119732,0,61289.0,39014.0,1652,2847,-1195,11,6
2025-11-04 20:54:42,119727,0,61288.0,39014.0,1647,2859,-1212,12,7
2025-11-04 20:54:37,119723,0,61276.0,39014.0,1649,2858,-1209,9,8
2025-11-04 20:54:32,119730,0,61273.0,39014.0,1650,2866,-1216,5,7
2025-11-04 20:54:26,119730,0,61265.0,39014.0,1630,2866,-1236,5,7
2025-11-04 20:54:21,119748,0,61258.0,39010.0,1633,2855,-1222,7,11
2025-11-04 20:54:16,119760,0,61252.0,39010.0,1650,2836,-1186,5,5
2025-11-04 20:54:11,119769,0,61245.0,39010.0,1672,2817,-1145,10,12
2025-11-04 20:54:05,119730,0,61228.0,39010.0,1659,2841,-1182,9,13
2025-11-04 20:54:00,119729,0,61215.0,39010.0,1641,2836,-1195,9,12
2025-11-04 20:53:55,119710,0,61212.0,39010.0,1640,2853,-1213,10,14
2025-11-04 20:53:50,119712,0,61208.0,39010.0,1632,2859,-1227,8,6
2025-11-04 20:53:44,119730,0,61206.0,39010.0,1645,2859,-1214,9,5
2025-11-04 20:53:39,119700,0,61199.0,39010.0,1639,2845,-1206,9,11
2025-11-04 20:53:33,119660,0,61191.0,39011.0,1648,2846,-1198,8,6
2025-11-04 20:53:28,119660,0,61189.0,39011.0,1637,2854,-1217,6,11
2025-11-04 20:53:23,119663,0,61188.0,39011.0,1638,2856,-1218,6,15
2025-11-04 20:53:18,119675,0,61185.0,39011.0,1641,2853,-1212,9,11
2025-11-04 20:53:12,119675,0,61185.0,38984.0,1638,2868,-1230,8,12
2025-11-04 20:53:07,119670,0,61178.0,38984.0,1634,2869,-1235,7,10
2025-11-04 20:53:02,119686,0,61152.0,38984.0,1631,2861,-1230,17,14
2025-11-04 20:52:57,119691,0,61150.0,38984.0,1627,2856,-1229,11,10
2025-11-04 20:52:51,119699,0,61134.0,38984.0,1630,2842,-1212,6,5
2025-11-04 20:52:46,119688,0,61127.0,38984.0,1659,2839,-1180,7,6
2025-11-04 20:52:40,119680,0,61124.0,38984.0,1634,2843,-1209,9,13
2025-11-04 20:52:35,119677,0,61122.0,38984.0,1635,2837,-1202,6,11
2025-11-04 20:52:30,119678,0,61117.0,38989.0,1642,2832,-1190,14,11
2025-11-04 20:52:25,119661,0,61113.0,38989.0,1624,2851,-1227,12,14
2025-11-04 20:52:19,119679,0,61104.0,38989.0,1626,2834,-1208,12,6
2025-11-04 20:52:14,119682,0,61101.0,38989.0,1629,2823,-1194,8,6
2025-11-04 20:52:09,119691,0,61090.0,38989.0,1634,2820,-1186,12,5
2025-11-04 20:52:04,119684,0,61084.0,38989.0,1639,2824,-1185,15,6
2025-11-04 20:51:58,119666,0,61079.0,38989.0,1634,2824,-1190,15,5
2025-11-04 20:51:53,119656,0,61074.0,38989.0,1639,2817,-1178,14,11
2025-11-04 20:51:48,119620,0,61055.0,38989.0,1629,2837,-1208,11,20
2025-11-04 20:51:43,119618,0,61053.0,38989.0,1639,2828,-1189,12,11
2025-11-04 20:51:37,119625,0,61048.0,38985.0,1637,2826,-1189,14,5
2025-11-04 20:51:32,119603,0,61043.0,38985.0,1638,2837,-1199,12,6
2025-11-04 20:51:26,119622,0,61037.0,38985.0,1643,2825,-1182,13,17
2025-11-04 20:51:21,119620,0,60976.0,38985.0,1636,2817,-1181,16,13
2025-11-04 20:51:15,119626,0,60965.0,38985.0,1635,2803,-1168,13,5
2025-11-04 20:51:10,119590,0,60949.0,38985.0,1626,2815,-1189,9,21
2025-11-04 20:51:05,119560,0,60942.0,38985.0,1609,2825,-1216,15,14
2025-11-04 20:51:00,119560,0,60918.0,38985.0,1577,2838,-1261,22,19
2025-11-04 20:50:54,119568,0,60905.0,38985.0,1577,2843,-1266,12,18
2025-11-04 20:50:49,119566,0,60896.0,38985.0,1590,2828,-1238,8,22
2025-11-04 20:50:44,119594,0,60880.0,38985.0,1606,2835,-1229,13,20
2025-11-04 20:50:39,119613,0,60872.0,38985.0,1601,2835,-1234,11,33
2025-11-04 20:50:33,119591,0,60857.0,38987.0,1602,2846,-1244,12,27
2025-11-04 20:50:28,119610,0,60834.0,38987.0,1600,2860,-1260,20,7
2025-11-04 20:50:23,119610,0,60820.0,38987.0,1604,2850,-1246,27,24
2025-11-04 20:50:18,119633,0,60814.0,38987.0,1609,2853,-1244,11,18
2025-11-04 20:50:12,119642,0,60800.0,38957.0,1609,2868,-1259,8,38
2025-11-04 20:50:07,119661,0,60787.0,38957.0,1620,2876,-1256,18,25
2025-11-04 20:50:02,119661,0,60775.0,38957.0,1623,2847,-1224,19,13
2025-11-04 20:49:56,119665,0,60773.0,38957.0,1611,2842,-1231,13,10
2025-11-04 20:49:51,119700,0,60767.0,38957.0,1611,2851,-1240,16,15
2025-11-04 20:49:46,119706,0,60757.0,38957.0,1626,2839,-1213,12,12
2025-11-04 20:49:40,119706,0,60755.0,38957.0,1638,2833,-1195,11,10
2025-11-04 20:49:35,119700,0,60754.0,38957.0,1614,2826,-1212,13,10
2025-11-04 20:49:30,119691,0,60753.0,38957.0,1618,2839,-1221,15,13
2025-11-04 20:49:24,119691,0,60753.0,38957.0,1625,2829,-1204,13,5
2025-11-04 20:49:19,119687,0,60745.0,38957.0,1614,2837,-1223,12,16
2025-11-04 20:49:14,119689,0,60744.0,38957.0,1600,2840,-1240,13,18
2025-11-04 20:49:09,119669,0,60742.0,38957.0,1611,2832,-1221,14,12
2025-11-04 20:49:04,119697,0,60740.0,38956.0,1621,2821,-1200,13,7
2025-11-04 20:48:58,119683,0,60736.0,38956.0,1608,2824,-1216,11,12
2025-11-04 20:48:53,119689,0,60733.0,38956.0,1602,2825,-1223,14,7
2025-11-04 20:48:48,119692,0,60731.0,38956.0,1600,2838,-1238,14,7
2025-11-04 20:48:42,119706,0,60722.0,38938.0,1610,2828,-1218,14,16
2025-11-04 20:48:37,119712,0,60715.0,38938.0,1613,2829,-1216,12,7
2025-11-04 20:48:32,119733,0,60711.0,38938.0,1620,2829,-1209,16,8
2025-11-04 20:48:26,119753,0,60710.0,38938.0,1622,2826,-1204,14,7
2025-11-04 20:48:21,119754,0,60708.0,38938.0,1635,2821,-1186,10,6
2025-11-04 20:48:16,119753,0,60707.0,38938.0,1633,2821,-1188,19,10
2025-11-04 20:48:10,119777,0,60702.0,38938.0,1645,2808,-1163,10,12
2025-11-04 20:48:04,119764,0,60697.0,38938.0,1650,2789,-1139,12,11
2025-11-04 20:47:59,119774,0,60673.0,38936.0,1637,2797,-1160,9,6
2025-11-04 20:47:54,119774,0,60673.0,38936.0,1637,2797,-1160,9,6
2025-11-04 20:47:49,119774,0,60673.0,38936.0,1637,2797,-1160,9,6
2025-11-04 20:47:44,119774,0,60673.0,38936.0,1637,2797,-1160,9,6
2025-11-04 20:47:38,119774,0,60673.0,38936.0,1637,2797,-1160,9,6
2025-11-04 20:47:33,119774,0,60673.0,38920.0,1644,2796,-1152,7,6
2025-11-04 20:47:27,119794,0,60668.0,38920.0,1618,2800,-1182,10,7
2025-11-04 20:47:22,119795,0,60662.0,38920.0,1620,2782,-1162,11,20
2025-11-04 20:47:17,119797,0,60653.0,38920.0,1625,2764,-1139,11,18
2025-11-04 20:47:12,119795,0,60649.0,38920.0,1614,2771,-1157,5,7
2025-11-04 20:47:06,119773,0,60645.0,38918.0,1611,2760,-1149,13,6
2025-11-04 20:47:01,119780,0,60640.0,38918.0,1621,2748,-1127,12,16
2025-11-04 20:46:56,119777,0,60637.0,38918.0,1621,2759,-1138,13,5
2025-11-04 20:46:51,119777,0,60631.0,38936.0,1606,2758,-1152,10,5
2025-11-04 20:46:46,119754,0,60627.0,38936.0,1615,2763,-1148,14,8
2025-11-04 20:46:40,119755,0,60623.0,38936.0,1622,2761,-1139,11,8
2025-11-04 20:46:35,119750,0,60604.0,38936.0,1663,2761,-1098,11,14
2025-11-04 20:46:30,119684,0,60579.0,38936.0,1595,2783,-1188,10,12
2025-11-04 20:46:25,119684,0,60579.0,38936.0,1605,2789,-1184,14,17
2025-11-04 20:46:19,119688,0,60577.0,38927.0,1594,2806,-1212,10,12
2025-11-04 20:46:14,119708,0,60573.0,38927.0,1598,2779,-1181,11,9
2025-11-04 20:46:09,119708,0,60573.0,38927.0,1591,2777,-1186,14,8
2025-11-04 20:46:04,119700,0,60570.0,38927.0,1588,2783,-1195,13,7
2025-11-04 20:45:58,119669,0,60568.0,38927.0,1581,2771,-1190,15,7
2025-11-04 20:45:53,119673,0,60567.0,38927.0,1576,2773,-1197,8,7
2025-11-04 20:45:48,119711,0,60562.0,38927.0,1574,2784,-1210,13,9
2025-11-04 20:45:42,119722,0,60554.0,38927.0,1566,2779,-1213,12,9
2025-11-04 20:45:37,119674,0,60526.0,38927.0,1559,2801,-1242,11,23
2025-11-04 20:45:32,119679,0,60524.0,38927.0,1559,2781,-1222,12,8
2025-11-04 20:45:27,119669,0,60507.0,38927.0,1556,2790,-1234,12,14
2025-11-04 20:45:21,119642,0,60506.0,38921.0,1536,2796,-1260,16,20
2025-11-04 20:45:16,119659,0,60489.0,38921.0,1532,2795,-1263,7,18
2025-11-04 20:45:11,119682,0,60482.0,38921.0,1552,2798,-1246,6,12
2025-11-04 20:45:06,119683,0,60479.0,38921.0,1549,2788,-1239,7,11
2025-11-04 20:45:01,119670,0,60472.0,38921.0,1542,2779,-1237,11,13
2025-11-04 20:44:55,119650,0,60471.0,38921.0,1538,2788,-1250,13,19
2025-11-04 20:44:50,119660,0,60469.0,38920.0,1534,2790,-1256,12,9
2025-11-04 20:44:45,119700,0,60463.0,38920.0,1532,2806,-1274,12,9
2025-11-04 20:44:39,119700,0,60463.0,38916.0,1541,2797,-1256,11,8
2025-11-04 20:44:34,119700,0,60460.0,38916.0,1541,2781,-1240,11,7
2025-11-04 20:44:29,119708,0,60453.0,38916.0,1547,2752,-1205,10,9
2025-11-04 20:44:24,119746,0,60442.0,38916.0,1579,2730,-1151,11,11
2025-11-04 20:44:18,119734,0,60435.0,38916.0,1568,2732,-1164,6,7
2025-11-04 20:44:13,119755,0,60430.0,38930.0,1589,2713,-1124,6,13
2025-11-04 20:44:08,119722,0,60428.0,38930.0,1589,2737,-1148,7,7
2025-11-04 20:44:03,119664,0,60373.0,38930.0,1595,2737,-1142,7,5
2025-11-04 20:43:57,119672,0,60365.0,38930.0,1580,2726,-1146,6,13
2025-11-04 20:43:52,119690,0,60351.0,38930.0,1572,2733,-1161,7,14
2025-11-04 20:43:46,119675,0,60349.0,38902.0,1585,2723,-1138,5,11
2025-11-04 20:43:41,119669,0,60336.0,38902.0,1571,2741,-1170,18,9
2025-11-04 20:43:36,119660,0,60325.0,38902.0,1575,2724,-1149,7,7
2025-11-04 20:43:31,119660,0,60317.0,38902.0,1568,2719,-1151,18,11
2025-11-04 20:43:26,119654,0,60288.0,38902.0,1573,2708,-1135,29,8
2025-11-04 20:43:21,119675,0,60285.0,38902.0,1564,2725,-1161,14,8
2025-11-04 20:43:15,119654,0,60281.0,38902.0,1559,2704,-1145,6,7
2025-11-04 20:43:10,119635,0,60262.0,38902.0,1538,2697,-1159,10,13
2025-11-04 20:43:05,119635,0,60237.0,38902.0,1559,2733,-1174,8,23
2025-11-04 20:43:00,119615,0,60223.0,38902.0,1538,2744,-1206,7,17
2025-11-04 20:42:55,119574,0,60209.0,38902.0,1524,2748,-1224,12,11
2025-11-04 20:42:50,119560,0,60197.0,38902.0,1514,2743,-1229,11,12
2025-11-04 20:42:44,119615,0,60133.0,38902.0,1567,2751,-1184,8,10
2025-11-04 20:42:39,119614,0,60118.0,38912.0,1577,2773,-1196,8,17
2025-11-04 20:42:34,119621,0,60104.0,38912.0,1580,2755,-1175,13,8
2025-11-04 20:42:28,119617,0,60095.0,38912.0,1578,2762,-1184,14,10
2025-11-04 20:42:23,119637,0,60069.0,38912.0,1568,2758,-1190,14,13
2025-11-04 20:42:18,119655,0,60032.0,38912.0,1597,2750,-1153,33,11
2025-11-04 20:42:13,119681,0,60016.0,38912.0,1619,2742,-1123,13,14
2025-11-04 20:42:08,119680,0,60005.0,38912.0,1611,2737,-1126,6,11
2025-11-04 20:42:03,119696,0,59990.0,38912.0,1591,2718,-1127,12,7
2025-11-04 20:41:58,119720,0,59954.0,38900.0,1612,2732,-1120,7,18
2025-11-04 20:41:53,119744,0,59934.0,38900.0,1629,2724,-1095,22,19
2025-11-04 20:41:48,119744,0,59932.0,38900.0,1624,2702,-1078,10,11
2025-11-04 20:41:42,119744,0,59927.0,38900.0,1622,2716,-1094,22,16
2025-11-04 20:41:37,119773,0,59907.0,38900.0,1625,2691,-1066,10,25
2025-11-04 20:41:32,119726,0,59904.0,38900.0,1627,2720,-1093,13,11
2025-11-04 20:41:27,119736,0,59903.0,38900.0,1626,2723,-1097,12,13
2025-11-04 20:41:22,119724,0,59901.0,38900.0,1621,2726,-1105,7,11
2025-11-04 20:41:17,119732,0,59900.0,38900.0,1626,2717,-1091,8,12
2025-11-04 20:41:12,119751,0,59880.0,38901.0,1622,2727,-1105,17,6
2025-11-04 20:41:06,119785,0,59878.0,38901.0,1620,2720,-1100,17,11
2025-11-04 20:41:01,119773,0,59877.0,38901.0,1625,2720,-1095,11,12
2025-11-04 20:40:56,119755,0,59873.0,38901.0,1622,2706,-1084,14,12
2025-11-04 20:40:51,119770,0,59872.0,38893.0,1612,2722,-1110,14,9
2025-11-04 20:40:46,119770,0,59868.0,38893.0,1617,2723,-1106,10,23
2025-11-04 20:40:41,119799,0,59866.0,38893.0,1637,2715,-1078,14,14
2025-11-04 20:40:35,119799,0,59862.0,38893.0,1629,2702,-1073,11,8
2025-11-04 20:40:30,119800,0,59860.0,38893.0,1624,2705,-1081,13,5
2025-11-04 20:40:25,119799,0,59858.0,38887.0,1615,2721,-1106,10,7
2025-11-04 20:40:20,119799,0,59858.0,38887.0,1615,2695,-1080,17,9
2025-11-04 20:40:15,119825,0,59844.0,38887.0,1616,2686,-1070,19,7
2025-11-04 20:40:10,119825,0,59841.0,38887.0,1624,2685,-1061,21,6
2025-11-04 20:40:05,119807,0,59840.0,38887.0,1630,2684,-1054,12,7
2025-11-04 20:40:00,119800,0,59827.0,38887.0,1622,2700,-1078,9,12
2025-11-04 20:39:54,119800,0,59823.0,38887.0,1630,2699,-1069,7,15
2025-11-04 20:39:49,119776,0,59818.0,38873.0,1611,2710,-1099,11,6
2025-11-04 20:39:44,119761,0,59817.0,38873.0,1605,2715,-1110,13,11
2025-11-04 20:39:39,119780,0,59810.0,38873.0,1597,2729,-1132,14,13
2025-11-04 20:39:34,119799,0,59805.0,38873.0,1602,2715,-1113,15,9
2025-11-04 20:39:29,119801,0,59802.0,38873.0,1614,2694,-1080,13,5
2025-11-04 20:39:24,119808,0,59784.0,38863.0,1611,2712,-1101,21,10
2025-11-04 20:39:19,119813,0,59771.0,38863.0,1624,2691,-1067,8,14
2025-11-04 20:39:01,119802,0,59763.0,38863.0,1608,2675,-1067,13,13
2025-11-04 20:38:56,119801,0,59745.0,38863.0,1619,2679,-1060,7,27
2025-11-04 20:38:51,119785,0,59724.0,38861.0,1591,2694,-1103,10,17
2025-11-04 20:38:46,119765,0,59718.0,38861.0,1610,2720,-1110,16,13
2025-11-04 20:38:41,119787,0,59707.0,38861.0,1576,2733,-1157,8,9
2025-11-04 20:38:36,119766,0,59704.0,38861.0,1572,2723,-1151,12,5
2025-11-04 20:38:30,119793,0,59703.0,38861.0,1570,2712,-1142,13,6
2025-11-04 20:38:25,119791,0,59695.0,38861.0,1570,2708,-1138,12,16
2025-11-04 20:36:45,119748,0,59576.0,38832.0,1552,2684,-1132,11,9
2025-11-04 20:36:39,119757,0,59574.0,38832.0,1555,2685,-1130,8,8
2025-11-04 20:36:34,119779,0,59564.0,38832.0,1567,2683,-1116,5,6
2025-11-04 20:36:29,119810,0,59558.0,38832.0,1577,2657,-1080,6,10
2025-11-04 20:36:24,119810,0,59552.0,38832.0,1578,2644,-1066,6,12
2025-11-04 20:36:18,119807,0,59551.0,38822.0,1571,2642,-1071,8,15
2025-11-04 20:36:13,119807,0,59551.0,38822.0,1584,2648,-1064,11,10
2025-11-04 20:36:08,119784,0,59538.0,38822.0,1579,2655,-1076,7,12
2025-11-04 20:36:03,119780,0,59509.0,38822.0,1565,2654,-1089,7,26
2025-11-04 20:35:40,119750,0,59454.0,38822.0,1556,2666,-1110,16,21
2025-11-04 20:35:34,119750,0,59452.0,38822.0,1569,2664,-1095,12,19
2025-11-04 20:35:29,119732,0,59440.0,38822.0,1550,2673,-1123,8,11
2025-11-04 20:35:24,119733,0,59435.0,38863.0,1554,2659,-1105,7,22
2025-11-04 20:35:19,119736,0,59406.0,38863.0,1556,2678,-1122,7,12
2025-11-04 20:35:14,119702,0,59400.0,38863.0,1549,2668,-1119,8,7
2025-11-04 20:35:08,119688,0,59390.0,38863.0,1548,2675,-1127,8,11
2025-11-04 20:35:03,119688,0,59374.0,38863.0,1531,2680,-1149,9,12
2025-11-04 20:34:58,119680,0,59358.0,38863.0,1518,2679,-1161,9,14
2025-11-04 20:34:53,119708,0,59336.0,38863.0,1533,2666,-1133,8,6
2025-11-04 20:34:48,119689,0,59335.0,38863.0,1518,2674,-1156,6,11
2025-11-04 20:34:43,119745,0,59297.0,38863.0,1556,2646,-1090,6,10
2025-11-04 20:34:37,119755,0,59290.0,38874.0,1562,2643,-1081,15,23
2025-11-04 20:34:32,119750,0,59264.0,38874.0,1559,2608,-1049,17,10
2025-11-04 20:34:27,119779,0,59229.0,38874.0,1550,2600,-1050,6,8
2025-11-04 20:34:21,119784,0,59211.0,38874.0,1554,2602,-1048,8,7
2025-11-04 20:34:16,119773,0,59196.0,38913.0,1534,2603,-1069,5,5
2025-11-04 20:34:11,119768,0,59167.0,38913.0,1528,2623,-1095,8,10
2025-11-04 20:34:06,119768,0,59159.0,38913.0,1535,2619,-1084,11,17
2025-11-04 20:34:01,119779,0,59152.0,38913.0,1538,2618,-1080,10,9
2025-11-04 20:33:56,119752,0,59125.0,38929.0,1546,2602,-1056,9,5
2025-11-04 20:33:50,119739,0,59107.0,38929.0,1542,2611,-1069,9,7
2025-11-04 20:33:45,119680,0,59083.0,38929.0,1540,2627,-1087,8,13
2025-11-04 20:33:40,119680,0,59063.0,38929.0,1533,2634,-1101,10,12
2025-11-04 20:33:35,119700,0,59053.0,38929.0,1533,2638,-1105,6,12
2025-11-04 20:33:29,119708,0,59044.0,38958.0,1530,2654,-1124,11,7
2025-11-04 20:33:24,119720,0,59030.0,38958.0,1527,2635,-1108,12,10
2025-11-04 20:33:19,119717,0,59026.0,38958.0,1522,2630,-1108,5,13
2025-11-04 20:33:14,119722,0,59017.0,38958.0,1513,2639,-1126,5,11
2025-11-04 20:33:08,119720,0,59015.0,38958.0,1512,2634,-1122,7,12
2025-11-04 20:33:03,119730,0,59005.0,38958.0,1499,2629,-1130,6,17
2025-11-04 20:32:58,119708,0,58916.0,38958.0,1486,2674,-1188,6,7
2025-11-04 20:32:53,119700,0,58877.0,38958.0,1477,2688,-1211,8,9
2025-11-04 20:32:48,119713,0,58820.0,38958.0,1478,2701,-1223,22,16
2025-11-04 20:32:43,119740,0,58793.0,38958.0,1483,2693,-1210,23,18
2025-11-04 20:32:37,119763,0,58791.0,38958.0,1489,2680,-1191,8,15
2025-11-04 20:32:32,119770,0,58780.0,38958.0,1479,2670,-1191,11,12
2025-11-04 20:32:27,119747,0,58753.0,39109.0,1476,2678,-1202,7,13
2025-11-04 20:32:22,119744,0,58742.0,39109.0,1467,2692,-1225,7,6
2025-11-04 20:32:17,119734,0,58628.0,39109.0,1452,2797,-1345,14,13
2025-11-04 20:32:12,119712,0,58619.0,39109.0,1443,2802,-1359,6,7
2025-11-04 20:32:06,119763,0,58592.0,39109.0,1466,2783,-1317,14,11
2025-11-04 20:32:01,119774,0,58570.0,39109.0,1465,2784,-1319,13,10
2025-11-04 20:31:56,119797,0,58550.0,39109.0,1474,2751,-1277,12,6
2025-11-04 20:31:51,119807,0,58531.0,39109.0,1450,2751,-1301,5,10
2025-11-04 20:31:46,119814,0,58527.0,39109.0,1460,2739,-1279,12,9
2025-11-04 20:31:41,119791,0,58379.0,39109.0,1442,2817,-1375,7,10
2025-11-04 20:31:36,119782,0,58336.0,39109.0,1442,2820,-1378,6,15
2025-11-04 20:31:30,119809,0,58297.0,39109.0,1454,2825,-1371,7,7
2025-11-04 20:31:25,119860,0,58253.0,39109.0,1429,2822,-1393,14,15
2025-11-04 20:31:20,119849,0,58234.0,39113.0,1413,2821,-1408,8,8
2025-11-04 20:31:15,119889,0,58211.0,39113.0,1423,2806,-1383,18,9
2025-11-04 20:31:09,119885,0,58181.0,39113.0,1431,2706,-1275,21,28
2025-11-04 20:31:04,119882,0,58167.0,39113.0,1399,2724,-1325,7,8
2025-11-04 20:30:59,119850,0,58155.0,39113.0,1391,2690,-1299,8,6
2025-11-04 20:30:54,119878,0,58151.0,39113.0,1396,2698,-1302,5,7
2025-11-04 20:30:49,119872,0,58147.0,39113.0,1404,2611,-1207,8,7
2025-11-04 20:30:43,119875,0,58104.0,39169.0,1383,2601,-1218,24,8
2025-11-04 20:30:38,119880,0,58049.0,39169.0,1381,2593,-1212,16,6
2025-11-04 20:30:33,119861,0,58033.0,39169.0,1378,2586,-1208,15,6
2025-11-04 20:30:28,119922,0,57980.0,39169.0,1395,2577,-1182,10,11
2025-11-04 20:30:23,119909,0,57934.0,39169.0,1386,2577,-1191,22,8
2025-11-04 20:30:17,119905,0,57923.0,39169.0,1389,2556,-1167,18,7
2025-11-04 20:30:12,119905,0,57911.0,39165.0,1372,2572,-1200,10,12
2025-11-04 20:30:07,119921,0,57881.0,39165.0,1384,2550,-1166,10,7
2025-11-04 20:30:02,119908,0,57855.0,39165.0,1399,2551,-1152,10,6
2025-11-04 20:29:57,119943,0,57830.0,39165.0,1398,2475,-1077,7,5
2025-11-04 20:29:51,119926,0,57812.0,39280.0,1417,2443,-1026,9,8
2025-11-04 20:29:46,119982,0,57759.0,39280.0,1422,2439,-1017,23,7
2025-11-04 20:29:41,119965,0,57734.0,39280.0,1432,2426,-994,9,12
2025-11-04 20:29:36,119921,0,57654.0,39280.0,1410,2488,-1078,13,9
2025-11-04 20:29:31,119901,0,57584.0,39280.0,1401,2515,-1114,17,10
2025-11-04 20:29:25,119918,0,57560.0,39280.0,1400,2516,-1116,10,15
2025-11-04 20:29:20,119900,0,57540.0,39280.0,1413,2533,-1120,10,10
2025-11-04 20:29:15,119919,0,57509.0,39280.0,1416,2524,-1108,15,8
2025-11-04 20:29:10,119901,0,57472.0,39296.0,1402,2529,-1127,7,7
2025-11-04 20:29:04,119898,0,57433.0,39296.0,1437,2531,-1094,22,7
2025-11-04 20:28:59,119900,0,57382.0,39296.0,1448,2564,-1116,8,40
2025-11-04 20:28:54,119875,0,57341.0,39296.0,1430,2578,-1148,23,11
2025-11-04 20:28:49,119880,0,57295.0,39388.0,1433,2577,-1144,12,16
2025-11-04 20:28:43,119865,0,57281.0,39388.0,1435,2582,-1147,19,7
2025-11-04 20:28:38,119831,0,57214.0,39388.0,1391,2629,-1238,7,7
2025-11-04 20:28:33,119828,0,57209.0,39388.0,1396,2634,-1238,8,7
2025-11-04 20:28:28,119835,0,57195.0,39388.0,1391,2630,-1239,20,11
2025-11-04 20:28:23,119790,0,57137.0,39388.0,1371,2672,-1301,20,40
2025-11-04 20:28:17,119760,0,57117.0,39388.0,1357,2685,-1328,10,11
2025-11-04 20:28:12,119747,0,57105.0,39388.0,1351,2688,-1337,17,15
2025-11-04 20:28:07,119734,0,57089.0,39388.0,1353,2698,-1345,23,8
2025-11-04 20:28:02,119722,0,57077.0,39330.0,1337,2700,-1363,9,10
2025-11-04 20:27:56,119704,0,57014.0,39330.0,1336,2696,-1360,18,14
2025-11-04 20:27:51,119660,0,56982.0,39330.0,1317,2697,-1380,6,6
2025-11-04 20:27:45,119699,0,56940.0,39330.0,1313,2705,-1392,18,8
2025-11-04 20:27:40,119692,0,56915.0,39330.0,1311,2700,-1389,9,8
2025-11-04 20:27:35,119715,0,56897.0,39322.0,1322,2689,-1367,18,14
2025-11-04 20:27:30,119714,0,56889.0,39322.0,1311,2704,-1393,10,7
2025-11-04 20:27:24,119707,0,56873.0,39322.0,1321,2692,-1371,11,8
2025-11-04 20:27:19,119722,0,56822.0,39322.0,1316,2700,-1384,18,12
2025-11-04 20:27:14,119726,0,56814.0,39328.0,1320,2694,-1374,13,5
2025-11-04 20:27:09,119743,0,56806.0,39328.0,1306,2699,-1393,11,7
2025-11-04 20:27:04,119782,0,56789.0,39328.0,1330,2679,-1349,13,10
2025-11-04 20:26:58,119764,0,56784.0,39328.0,1351,2659,-1308,18,7
2025-11-04 20:26:53,119807,0,56771.0,39326.0,1341,2663,-1322,6,7
2025-11-04 20:26:48,119797,0,56745.0,39326.0,1358,2670,-1312,32,11
2025-11-04 20:26:43,119781,0,56731.0,39326.0,1329,2695,-1366,13,8
2025-11-04 20:26:37,119807,0,56712.0,39326.0,1334,2685,-1351,20,8
2025-11-04 20:26:32,119828,0,56682.0,39326.0,1348,2662,-1314,5,8
2025-11-04 20:26:27,119804,0,56657.0,39348.0,1344,2669,-1325,17,11
2025-11-04 20:26:22,119794,0,56642.0,39348.0,1358,2679,-1321,7,10
2025-11-04 20:26:17,119790,0,56628.0,39348.0,1347,2689,-1342,10,7
2025-11-04 20:26:12,119790,0,56617.0,39348.0,1338,2680,-1342,14,5
2025-11-04 20:26:06,119784,0,56596.0,39348.0,1336,2677,-1341,13,5
2025-11-04 20:26:01,119769,0,56578.0,39348.0,1352,2665,-1313,14,10
2025-11-04 20:25:56,119784,0,56555.0,39348.0,1361,2637,-1276,13,11
2025-11-04 20:25:51,119820,0,56439.0,39348.0,1462,2626,-1164,102,6
2025-11-04 20:25:46,119846,0,56417.0,39348.0,1467,2606,-1139,7,9
2025-11-04 20:25:40,119848,0,56383.0,39348.0,1489,2606,-1117,16,26
2025-11-04 20:25:35,119828,0,56319.0,39348.0,1477,2661,-1184,9,51
2025-11-04 20:25:30,119829,0,56271.0,39348.0,1484,2613,-1129,7,7
2025-11-04 20:25:25,119795,0,56254.0,39348.0,1495,2610,-1115,88,10
2025-11-04 20:25:20,119780,0,56225.0,39333.0,1494,2609,-1115,10,9
2025-11-04 20:25:15,119770,0,56194.0,39333.0,1525,2616,-1091,10,9
2025-11-04 20:25:10,119750,0,56074.0,39333.0,1598,2637,-1039,10,20
2025-11-04 20:25:05,119715,0,56054.0,39333.0,1604,2653,-1049,18,6
2025-11-04 20:25:00,119695,0,56002.0,39333.0,1584,2681,-1097,8,22
2025-11-04 20:24:54,119697,0,55990.0,39341.0,1594,2677,-1083,8,43
2025-11-04 20:24:49,119695,0,55977.0,39341.0,1578,2691,-1113,12,18
2025-11-04 20:24:44,119675,0,55969.0,39341.0,1533,2700,-1167,13,13
2025-11-04 20:24:39,119651,0,55939.0,39332.0,1536,2701,-1165,14,25
2025-11-04 20:24:34,119695,0,55915.0,39332.0,1498,2664,-1166,7,26
2025-11-04 20:24:29,119675,0,55905.0,39332.0,1483,2691,-1208,7,9
2025-11-04 20:24:24,119670,0,55865.0,39332.0,1485,2679,-1194,10,11
2025-11-04 20:24:19,119655,0,55849.0,39332.0,1484,2684,-1200,9,12
2025-11-04 20:24:14,119650,0,55841.0,39341.0,1400,2688,-1288,6,7
2025-11-04 20:24:09,119639,0,55840.0,39341.0,1414,2688,-1274,8,8
2025-11-04 20:24:04,119630,0,55821.0,39341.0,1384,2703,-1319,7,10
2025-11-04 20:23:59,119637,0,55820.0,39341.0,1406,2716,-1310,8,5
2025-11-04 20:23:53,119650,0,55812.0,39341.0,1392,2713,-1321,9,19
2025-11-04 20:23:48,119621,0,55800.0,39341.0,1415,2704,-1289,12,14
2025-11-04 20:23:43,119655,0,55788.0,39341.0,1389,2685,-1296,7,14
2025-11-04 20:23:38,119659,0,55718.0,39341.0,1436,2676,-1240,56,13
2025-11-04 20:23:33,119663,0,55699.0,39341.0,1414,2671,-1257,11,6
2025-11-04 20:23:28,119657,0,55693.0,39341.0,1415,2649,-1234,7,6
2025-11-04 20:23:23,119603,0,55655.0,39349.0,1405,2683,-1278,14,11
2025-11-04 20:23:18,119620,0,55650.0,39349.0,1409,2680,-1271,9,10
2025-11-04 20:23:13,119590,0,55625.0,39349.0,1384,2701,-1317,8,19
2025-11-04 20:23:08,119579,0,55623.0,39349.0,1374,2693,-1319,14,12
2025-11-04 20:23:02,119575,0,55613.0,39347.0,1387,2691,-1304,16,9
2025-11-04 20:22:57,119576,0,55605.0,39347.0,1380,2686,-1306,19,7
2025-11-04 20:22:52,119600,0,55590.0,39347.0,1389,2692,-1303,17,9
2025-11-04 20:22:47,119617,0,55583.0,39347.0,1403,2689,-1286,19,21
2025-11-04 20:22:42,119617,0,55575.0,39347.0,1404,2697,-1293,18,19
2025-11-04 20:22:37,119628,0,55558.0,39345.0,1405,2683,-1278,21,5
2025-11-04 20:22:32,119633,0,55540.0,39345.0,1410,2676,-1266,8,9
2025-11-04 20:22:27,119611,0,55535.0,39345.0,1392,2672,-1280,19,7
2025-11-04 20:22:22,119611,0,55529.0,39345.0,1397,2679,-1282,12,9
2025-11-04 20:22:17,119610,0,55521.0,39345.0,1391,2667,-1276,14,11
2025-11-04 20:22:12,119618,0,55495.0,39311.0,1402,2684,-1282,7,8
2025-11-04 20:22:06,119601,0,55482.0,39311.0,1389,2698,-1309,9,8
2025-11-04 20:22:01,119600,0,55455.0,39311.0,1378,2701,-1323,5,9
2025-11-04 20:21:56,119576,0,55453.0,39311.0,1369,2700,-1331,8,9
2025-11-04 20:21:51,119606,0,55444.0,39311.0,1359,2687,-1328,8,8
2025-11-04 20:21:46,119612,0,55417.0,39311.0,1357,2658,-1301,16,7
2025-11-04 20:21:41,119601,0,55402.0,39311.0,1364,2662,-1298,11,10
2025-11-04 20:21:36,119587,0,55382.0,39311.0,1355,2686,-1331,7,19
2025-11-04 20:21:31,119564,0,55378.0,39311.0,1349,2690,-1341,12,8
2025-11-04 20:21:26,119573,0,55364.0,39287.0,1357,2687,-1330,12,10
2025-11-04 20:21:21,119554,0,55354.0,39287.0,1340,2638,-1298,14,12
2025-11-04 20:21:16,119573,0,55332.0,39287.0,1346,2638,-1292,14,7
2025-11-04 20:21:11,119571,0,55323.0,39287.0,1346,2625,-1279,12,6
2025-11-04 20:21:05,119600,0,55313.0,39287.0,1364,2608,-1244,8,8
2025-11-04 20:21:00,119578,0,55304.0,39287.0,1370,2612,-1242,7,11
2025-11-04 20:20:55,119590,0,55295.0,39287.0,1356,2617,-1261,9,17
2025-11-04 20:20:50,119622,0,55265.0,39289.0,1391,2566,-1175,12,13
2025-11-04 20:20:45,119620,0,55249.0,39289.0,1372,2586,-1214,18,12
2025-11-04 20:20:40,119613,0,55238.0,39289.0,1368,2581,-1213,17,12
2025-11-04 20:20:35,119600,0,55220.0,39289.0,1366,2565,-1199,6,14
2025-11-04 20:20:30,119620,0,55198.0,39289.0,1354,2548,-1194,9,10
2025-11-04 20:20:25,119563,0,55185.0,39289.0,1334,2565,-1231,9,9
2025-11-04 20:20:20,119559,0,55165.0,39268.0,1347,2543,-1196,12,10
2025-11-04 20:20:15,119595,0,55144.0,39268.0,1342,2570,-1228,8,13
2025-11-04 20:20:09,119584,0,55062.0,39268.0,1352,2594,-1242,9,24
2025-11-04 20:20:04,119549,0,55019.0,39268.0,1359,2633,-1274,10,20
2025-11-04 20:19:59,119550,0,54999.0,39268.0,1334,2624,-1290,9,20
2025-11-04 20:19:54,119550,0,54985.0,39268.0,1330,2618,-1288,9,20
2025-11-04 20:19:49,119530,0,54968.0,39268.0,1326,2633,-1307,7,17
2025-11-04 20:19:44,119533,0,54949.0,39268.0,1327,2641,-1314,10,19
2025-11-04 20:19:39,119520,0,54919.0,39268.0,1335,2655,-1320,12,14
2025-11-04 20:19:34,119478,0,54895.0,39250.0,1339,2645,-1306,8,12
2025-11-04 20:19:29,119475,0,54886.0,39250.0,1329,2643,-1314,8,14
2025-11-04 20:19:24,119502,0,54871.0,39250.0,1343,2655,-1312,6,9
2025-11-04 20:19:19,119477,0,54869.0,39231.0,1342,2658,-1316,5,27
2025-11-04 20:19:14,119506,0,54845.0,39231.0,1336,2633,-1297,7,10
2025-11-04 20:19:08,119512,0,54827.0,39231.0,1330,2626,-1296,7,6
2025-11-04 20:19:03,119533,0,54820.0,39231.0,1331,2611,-1280,6,20
2025-11-04 20:18:58,119530,0,54803.0,39231.0,1333,2624,-1291,8,7
2025-11-04 20:18:53,119500,0,54778.0,39229.0,1327,2626,-1299,10,11
2025-11-04 20:18:48,119470,0,54761.0,39229.0,1325,2651,-1326,7,7
2025-11-04 20:18:43,119460,0,54745.0,39229.0,1321,2651,-1330,5,8
2025-11-04 20:18:38,119482,0,54731.0,39229.0,1318,2642,-1324,8,5
2025-11-04 20:18:33,119451,0,54679.0,39256.0,1307,2665,-1358,6,9
2025-11-04 20:18:28,119450,0,54677.0,39256.0,1312,2658,-1346,9,9
2025-11-04 20:18:23,119465,0,54670.0,39256.0,1287,2658,-1371,9,13
2025-11-04 20:18:18,119482,0,54664.0,39256.0,1272,2643,-1371,18,10
2025-11-04 20:18:13,119437,0,54659.0,39217.0,1275,2600,-1325,8,7
2025-11-04 20:18:07,119418,0,54651.0,39217.0,1262,2611,-1349,7,18
2025-11-04 20:18:02,119429,0,54635.0,39217.0,1258,2614,-1356,10,11
2025-11-04 20:17:57,119423,0,54610.0,39217.0,1278,2612,-1334,8,12
2025-11-04 20:17:52,119412,0,54602.0,39217.0,1264,2633,-1369,8,12
2025-11-04 20:17:47,119512,0,54466.0,39218.0,1274,2556,-1282,7,5
2025-11-04 20:17:42,119512,0,54466.0,39218.0,1274,2556,-1282,7,5
2025-11-04 20:17:37,119512,0,54466.0,39218.0,1274,2556,-1282,7,5
2025-11-04 20:17:32,119512,0,54466.0,39218.0,1274,2556,-1282,7,5
2025-11-04 20:17:27,119512,0,54466.0,39218.0,1274,2556,-1282,7,5
2025-11-04 20:17:22,119512,0,54466.0,39218.0,1274,2556,-1282,7,5
2025-11-04 20:17:17,119512,0,54466.0,39218.0,1274,2556,-1282,7,5
2025-11-04 20:17:12,119512,0,54466.0,39218.0,1274,2556,-1282,7,5
2025-11-04 20:17:07,119484,0,54429.0,39218.0,1283,2582,-1299,9,33
2025-11-04 20:17:01,119479,0,54423.0,39218.0,1270,2585,-1315,8,7
2025-11-04 20:16:56,119476,0,54411.0,39218.0,1273,2582,-1309,14,7
2025-11-04 20:16:51,119400,0,54393.0,39218.0,1210,2635,-1425,11,5
2025-11-04 20:16:46,119440,0,54355.0,39218.0,1225,2629,-1404,8,7
2025-11-04 20:16:41,119450,0,54338.0,39218.0,1244,2615,-1371,7,9
2025-11-04 20:16:36,119453,0,54327.0,39218.0,1259,2607,-1348,7,8
2025-11-04 20:16:31,119445,0,54316.0,39218.0,1251,2626,-1375,9,15
2025-11-04 20:16:26,119474,0,54298.0,39218.0,1255,2598,-1343,5,17
2025-11-04 20:16:21,119485,0,54269.0,39218.0,1282,2592,-1310,7,7
2025-11-04 20:16:16,119492,0,54230.0,39218.0,1278,2588,-1310,11,7
2025-11-04 20:16:11,119489,0,54189.0,39218.0,1278,2609,-1331,9,9
2025-11-04 20:16:06,119455,0,54119.0,39160.0,1269,2584,-1315,17,7
2025-11-04 20:16:00,119455,0,54119.0,39160.0,1269,2584,-1315,17,7
2025-11-04 20:15:55,119455,0,54119.0,39160.0,1269,2584,-1315,17,7
2025-11-04 20:15:50,119436,0,54098.0,39160.0,1251,2598,-1347,13,9
2025-11-04 20:15:45,119439,0,54064.0,39160.0,1232,2605,-1373,6,5
2025-11-04 20:15:40,119424,0,54050.0,39160.0,1225,2625,-1400,7,7
2025-11-04 20:15:35,119418,0,54009.0,39159.0,1213,2615,-1402,5,12
2025-11-04 20:15:30,119411,0,53986.0,39159.0,1208,2601,-1393,6,7
2025-11-04 20:15:25,119415,0,53977.0,39159.0,1203,2592,-1389,6,6
2025-11-04 20:15:20,119410,0,53953.0,39159.0,1206,2589,-1383,7,7
2025-11-04 20:15:15,119429,0,53949.0,39120.0,1197,2581,-1384,5,9
2025-11-04 20:15:10,119343,0,53932.0,39120.0,1158,2587,-1429,7,8
2025-11-04 20:15:05,119280,0,53898.0,39120.0,1157,2659,-1502,8,22
2025-11-04 20:15:00,119283,0,53889.0,39120.0,1156,2646,-1490,6,16
2025-11-04 20:14:55,119303,0,53862.0,39120.0,1165,2619,-1454,25,12
2025-11-04 20:14:49,119314,0,53835.0,39120.0,1141,2593,-1452,12,7
2025-11-04 20:14:44,119328,0,53823.0,39022.0,1143,2583,-1440,6,15
2025-11-04 20:14:39,119370,0,53795.0,39022.0,1142,2582,-1440,5,12
2025-11-04 20:14:34,119360,0,53785.0,39022.0,1129,2619,-1490,11,15
2025-11-04 20:14:29,119370,0,53724.0,39022.0,1177,2605,-1428,10,7
2025-11-04 20:14:24,119400,0,53716.0,39022.0,1176,2616,-1440,8,12
2025-11-04 20:14:19,119428,0,53688.0,39022.0,1185,2605,-1420,11,13
2025-11-04 20:14:14,119434,0,53683.0,39022.0,1192,2595,-1403,6,13
2025-11-04 20:14:09,119403,0,53668.0,39022.0,1193,2582,-1389,7,9
2025-11-04 20:14:04,119405,0,53662.0,39022.0,1198,2594,-1396,8,10
2025-11-04 20:13:59,119376,0,53633.0,38986.0,1173,2591,-1418,8,9
2025-11-04 20:13:53,119360,0,53623.0,38986.0,1166,2590,-1424,29,14
2025-11-04 20:13:48,119403,0,53589.0,38986.0,1173,2544,-1371,12,8
2025-11-04 20:13:43,119427,0,53581.0,38986.0,1158,2544,-1386,8,11
2025-11-04 20:13:38,119349,0,53522.0,38986.0,1131,2568,-1437,5,16
2025-11-04 20:13:33,119360,0,53499.0,38986.0,1133,2555,-1422,18,7
2025-11-04 20:13:28,119385,0,53407.0,38952.0,1116,2545,-1429,14,12
2025-11-04 20:13:17,119385,0,53379.0,38952.0,1114,2516,-1402,28,9
2025-11-04 20:13:12,119416,0,53337.0,38952.0,1130,2482,-1352,8,6
2025-11-04 20:13:07,119372,0,53247.0,38972.0,1120,2516,-1396,6,11
2025-11-04 20:13:02,119372,0,53247.0,38972.0,1120,2516,-1396,6,11
2025-11-04 20:12:56,119372,0,53247.0,38972.0,1120,2516,-1396,6,11
2025-11-04 20:12:51,119372,0,53247.0,38972.0,1120,2516,-1396,6,11
2025-11-04 20:12:45,119363,0,53240.0,38972.0,1121,2498,-1377,8,14
2025-11-04 20:12:40,119385,0,53219.0,38922.0,1119,2521,-1402,11,9
2025-11-04 20:12:35,119305,0,53171.0,38922.0,1100,2535,-1435,7,8
2025-11-04 20:12:30,119312,0,53134.0,38922.0,1086,2554,-1468,9,5
2025-11-04 20:12:25,119296,0,53122.0,38922.0,1072,2550,-1478,7,12
2025-11-04 20:12:20,119215,0,53063.0,38922.0,1062,2572,-1510,10,6
2025-11-04 20:12:15,119241,0,53018.0,38888.0,1056,2568,-1512,11,9
2025-11-04 20:12:10,119247,0,53009.0,38888.0,1044,2569,-1525,18,9
2025-11-04 20:12:05,119251,0,52966.0,38888.0,1065,2579,-1514,19,9
2025-11-04 20:11:59,119288,0,52932.0,38888.0,1075,2597,-1522,7,16
2025-11-04 20:11:54,119246,0,52859.0,38860.0,1009,2581,-1572,12,16
2025-11-04 20:11:49,119246,0,52859.0,38860.0,1009,2581,-1572,12,16
2025-11-04 20:11:44,119246,0,52859.0,38860.0,1009,2581,-1572,12,16
2025-11-04 20:11:39,119246,0,52859.0,38860.0,1009,2581,-1572,12,16
2025-11-04 20:11:33,119246,0,52859.0,38860.0,1009,2581,-1572,12,16
2025-11-04 20:11:28,119246,0,52859.0,38860.0,1009,2581,-1572,12,16
2025-11-04 20:11:23,119298,0,52809.0,38844.0,1039,2550,-1511,6,12
2025-11-04 20:11:18,119330,0,52766.0,38844.0,1047,2538,-1491,8,9
2025-11-04 20:11:13,119330,0,52757.0,38844.0,1024,2529,-1505,7,8
2025-11-04 20:11:08,119266,0,52732.0,38844.0,1065,2575,-1510,7,9
2025-11-04 20:11:03,119258,0,52723.0,38854.0,1044,2576,-1532,6,8
2025-11-04 20:10:58,119258,0,52713.0,38854.0,1045,2609,-1564,10,8
2025-11-04 20:10:52,119280,0,52626.0,38854.0,1048,2636,-1588,13,9
2025-11-04 20:10:47,119239,0,52530.0,38854.0,1046,2622,-1576,14,25
2025-11-04 20:10:42,119376,0,52109.0,38784.0,1070,2725,-1655,6,27
2025-11-04 20:10:37,119376,0,52109.0,38784.0,1070,2725,-1655,6,27
2025-11-04 20:10:32,119376,0,52109.0,38784.0,1070,2725,-1655,6,27
2025-11-04 20:10:27,119376,0,52109.0,38784.0,1070,2725,-1655,6,27
2025-11-04 20:10:22,119376,0,52109.0,38784.0,1070,2725,-1655,6,27
2025-11-04 20:10:17,119376,0,52109.0,38784.0,1070,2725,-1655,6,27
2025-11-04 20:10:12,119376,0,52109.0,38784.0,1070,2725,-1655,6,27
2025-11-04 20:10:07,119376,0,52109.0,38784.0,1070,2725,-1655,6,27
2025-11-04 20:10:02,119376,0,52109.0,38784.0,1070,2725,-1655,6,27
2025-11-04 20:09:56,119376,0,52109.0,38784.0,1070,2725,-1655,6,27
2025-11-04 20:09:51,119369,0,52078.0,38784.0,1078,2727,-1649,10,18
2025-11-04 20:09:46,119395,0,52053.0,38732.0,1082,2732,-1650,6,17
2025-11-04 20:09:41,119409,0,52024.0,38732.0,1073,2749,-1676,10,14
2025-11-04 20:09:36,119465,0,51981.0,38732.0,1092,2690,-1598,10,13
2025-11-04 20:09:31,119420,0,51955.0,38732.0,1086,2704,-1618,11,14
2025-11-04 20:09:26,119400,0,51944.0,38677.0,1079,2707,-1628,18,16
2025-11-04 20:09:21,119424,0,51931.0,38677.0,1092,2654,-1562,20,13
2025-11-04 20:09:16,119412,0,51906.0,38677.0,1097,2679,-1582,26,15
2025-11-04 20:09:11,119439,0,51884.0,38677.0,1105,2690,-1585,14,11
2025-11-04 20:09:06,119446,0,51866.0,38677.0,1091,2690,-1599,12,19
2025-11-04 20:09:00,119410,0,51850.0,38677.0,1094,2694,-1600,10,18
2025-11-04 20:08:55,119441,0,51550.0,38513.0,1080,2699,-1619,12,15
2025-11-04 20:08:48,119441,0,51550.0,38513.0,1080,2699,-1619,12,15
2025-11-04 20:08:43,119441,0,51550.0,38513.0,1080,2699,-1619,12,15
2025-11-04 20:08:35,119441,0,51550.0,38513.0,1080,2699,-1619,12,15
2025-11-04 20:08:30,119441,0,51550.0,38513.0,1080,2699,-1619,12,15
2025-11-04 20:08:25,119441,0,51550.0,38513.0,1080,2699,-1619,12,15
2025-11-04 20:08:20,119441,0,51550.0,38513.0,1080,2699,-1619,12,15
2025-11-04 20:08:15,119441,0,51550.0,38513.0,1080,2699,-1619,12,15
2025-11-04 20:08:10,119415,0,51544.0,38513.0,1075,2759,-1684,19,9
2025-11-04 20:08:05,119440,0,51505.0,38513.0,1075,2759,-1684,21,12
2025-11-04 20:08:00,119480,0,51464.0,38513.0,1088,2738,-1650,14,10
2025-11-04 20:07:54,119497,0,51438.0,38513.0,1069,2727,-1658,8,10
2025-11-04 20:07:48,119535,0,51169.0,38494.0,1123,2704,-1581,8,21
2025-11-04 20:07:42,119535,0,51169.0,38494.0,1123,2704,-1581,8,21
2025-11-04 20:07:37,119535,0,51169.0,38494.0,1123,2704,-1581,8,21
2025-11-04 20:07:32,119535,0,51169.0,38494.0,1123,2704,-1581,8,21
2025-11-04 20:07:27,119535,0,51169.0,38494.0,1123,2704,-1581,8,21
2025-11-04 20:07:22,119531,0,51150.0,38494.0,1113,2692,-1579,7,18
2025-11-04 20:07:17,119549,0,51102.0,38494.0,1109,2685,-1576,19,18
2025-11-04 20:07:11,119576,0,51075.0,38494.0,1077,2706,-1629,12,9
2025-11-04 20:07:06,119533,0,51012.0,38494.0,1072,2723,-1651,17,33
2025-11-04 20:07:01,119485,0,50963.0,38494.0,1055,2740,-1685,12,16
2025-11-04 20:06:56,119498,0,50905.0,38494.0,1060,2756,-1696,14,29
2025-11-04 20:06:51,119436,0,50859.0,38494.0,1069,2774,-1705,10,14
2025-11-04 20:06:46,119418,0,50839.0,38494.0,1042,2756,-1714,14,9
2025-11-04 20:06:40,119412,0,50818.0,38494.0,1029,2773,-1744,9,12
2025-11-04 20:06:35,119441,0,50804.0,38494.0,1024,2767,-1743,11,13
2025-11-04 20:06:30,119378,0,50763.0,38494.0,1012,2736,-1724,12,11
2025-11-04 20:06:25,119385,0,50721.0,38494.0,1018,2746,-1728,25,6
2025-11-04 20:06:20,119420,0,50699.0,38494.0,1027,2720,-1693,14,6
2025-11-04 20:06:15,119363,0,50600.0,38433.0,992,2771,-1779,23,13
2025-11-04 20:06:10,119378,0,50589.0,38433.0,1005,2783,-1778,38,14
2025-11-04 20:06:05,119378,0,50540.0,38433.0,982,2810,-1828,6,10
2025-11-04 20:06:00,119445,0,50494.0,38433.0,1002,2772,-1770,11,23
2025-11-04 20:05:55,119461,0,50454.0,38433.0,979,2758,-1779,14,17
2025-11-04 20:05:50,119455,0,50421.0,38425.0,982,2768,-1786,18,10
2025-11-04 20:05:45,119439,0,50387.0,38425.0,959,2760,-1801,15,19
2025-11-04 20:05:39,119430,0,50356.0,38425.0,951,2758,-1807,9,6
2025-11-04 20:05:34,119420,0,50308.0,38425.0,948,2793,-1845,14,25
2025-11-04 20:05:29,119373,0,50272.0,38425.0,923,2781,-1858,32,15
2025-11-04 20:05:22,119409,0,50205.0,38425.0,972,2770,-1798,12,7
2025-11-04 20:05:14,119365,0,49895.0,38385.0,892,2834,-1942,14,12
2025-11-04 20:05:09,119365,0,49895.0,38385.0,892,2834,-1942,14,12
2025-11-04 20:05:04,119365,0,49895.0,38385.0,892,2834,-1942,14,12
2025-11-04 20:04:59,119365,0,49895.0,38385.0,892,2834,-1942,14,12
2025-11-04 20:04:54,119365,0,49895.0,38385.0,892,2834,-1942,14,12
2025-11-04 20:04:49,119365,0,49895.0,38385.0,892,2834,-1942,14,12
2025-11-04 20:04:44,119400,0,49862.0,38385.0,887,2822,-1935,17,18
2025-11-04 20:04:39,119442,0,49833.0,38385.0,903,2814,-1911,22,18
2025-11-04 20:04:34,119448,0,49783.0,38300.0,891,2787,-1896,5,7
2025-11-04 20:04:29,119429,0,49754.0,38300.0,889,2752,-1863,5,14
2025-11-04 20:04:24,119486,0,49695.0,38300.0,879,2747,-1868,5,30
2025-11-04 20:04:19,119436,0,49642.0,38300.0,881,2746,-1865,9,13
2025-11-04 20:04:13,119409,0,49589.0,38300.0,877,2743,-1866,10,24
2025-11-04 20:04:08,119459,0,49448.0,38300.0,897,2831,-1934,7,23
2025-11-04 20:04:03,119512,0,49278.0,38300.0,1051,2771,-1720,11,8
2025-11-04 20:03:58,119548,0,49229.0,38275.0,1044,2736,-1692,7,12
2025-11-04 20:03:53,119633,0,49107.0,38275.0,1142,2767,-1625,9,8
2025-11-04 20:03:48,119623,0,49041.0,38275.0,1139,2765,-1626,11,12
2025-11-04 20:03:43,119611,0,49011.0,38275.0,1142,2789,-1647,16,25
2025-11-04 20:03:38,119602,0,48976.0,38275.0,1135,2773,-1638,10,11
2025-11-04 20:03:33,119617,0,48928.0,38275.0,1089,2792,-1703,12,14
2025-11-04 20:03:28,119588,0,48881.0,38275.0,1071,2785,-1714,9,32
2025-11-04 20:03:23,119608,0,48859.0,38275.0,1045,2770,-1725,14,7
2025-11-04 20:03:18,119588,0,48810.0,38275.0,1028,2748,-1720,8,19
2025-11-04 20:03:13,119598,0,48779.0,38252.0,1022,2775,-1753,6,11
2025-11-04 20:03:07,119600,0,48736.0,38252.0,1053,2776,-1723,26,18
2025-11-04 20:03:02,119636,0,48689.0,38252.0,1098,2768,-1670,8,26
2025-11-04 20:02:57,119650,0,48641.0,38252.0,1077,2755,-1678,8,15
2025-11-04 20:02:52,119618,0,48613.0,38252.0,1047,2782,-1735,8,7
2025-11-04 20:02:47,119649,0,48548.0,38233.0,1057,2795,-1738,7,13
2025-11-04 20:02:42,119617,0,48485.0,38233.0,1042,2782,-1740,7,15
2025-11-04 20:02:37,119618,0,48401.0,38233.0,1016,2785,-1769,7,12
2025-11-04 20:02:32,119680,0,48345.0,38233.0,1069,2803,-1734,7,13
2025-11-04 20:02:27,119735,0,48287.0,38233.0,1071,2820,-1749,5,19
2025-11-04 20:02:22,119701,0,48265.0,38242.0,1062,2788,-1726,10,11
2025-11-04 20:02:17,119708,0,48229.0,38242.0,1063,2812,-1749,6,23
2025-11-04 20:02:12,119715,0,48117.0,38242.0,1040,2871,-1831,13,9
2025-11-04 20:02:06,119749,0,48043.0,38242.0,1091,2856,-1765,6,8
2025-11-04 20:02:01,119777,0,47942.0,38242.0,1135,2786,-1651,16,12
2025-11-04 20:01:56,119760,0,47865.0,38242.0,1155,2773,-1618,9,12
2025-11-04 20:01:51,119867,0,47752.0,38242.0,1227,2735,-1508,7,16
2025-11-04 20:01:46,119867,0,47713.0,38242.0,1209,2722,-1513,19,9
2025-11-04 20:01:41,119877,0,47683.0,38242.0,1211,2708,-1497,12,14
2025-11-04 20:01:36,119879,0,47650.0,38242.0,1206,2725,-1519,11,10
2025-11-04 20:01:31,119839,0,47598.0,38246.0,1187,2734,-1547,14,14
2025-11-04 20:01:26,119835,0,47457.0,38068.0,1185,2819,-1634,9,15
2025-11-04 20:01:21,119835,0,47457.0,38068.0,1185,2819,-1634,9,15
2025-11-04 20:01:16,119835,0,47457.0,38068.0,1185,2819,-1634,9,15
2025-11-04 20:01:11,119835,0,47405.0,38068.0,1180,2800,-1620,12,15
2025-11-04 20:01:05,119843,0,47366.0,38068.0,1216,2770,-1554,14,25
2025-11-04 20:01:00,119879,0,47297.0,38068.0,1207,2773,-1566,11,11
2025-11-04 20:00:55,119877,0,47270.0,38068.0,1201,2760,-1559,8,19
2025-11-04 20:00:50,119953,0,46346.0,37910.0,1222,2730,-1508,7,15
2025-11-04 20:00:45,119953,0,46346.0,37910.0,1222,2730,-1508,7,15
2025-11-04 20:00:40,119953,0,46346.0,37910.0,1222,2730,-1508,7,15
2025-11-04 20:00:35,119953,0,46346.0,37910.0,1222,2730,-1508,7,15
2025-11-04 20:00:30,119953,0,46346.0,37910.0,1222,2730,-1508,7,15
2025-11-04 20:00:25,119953,0,46346.0,37910.0,1222,2730,-1508,7,15
2025-11-04 20:00:20,119953,0,46346.0,37910.0,1222,2730,-1508,7,15
2025-11-04 20:00:15,119953,0,46346.0,37910.0,1222,2730,-1508,7,15
2025-11-04 20:00:10,119953,0,46346.0,37910.0,1222,2730,-1508,7,15
2025-11-04 20:00:04,119953,0,46346.0,37910.0,1222,2730,-1508,7,15
2025-11-04 19:59:59,119953,0,46346.0,37910.0,1222,2730,-1508,7,15
2025-11-04 19:59:54,119953,0,46346.0,37910.0,1222,2730,-1508,7,15
2025-11-04 19:59:49,119990,0,46291.0,37910.0,1224,2726,-1502,5,9
2025-11-04 19:59:44,119969,0,46180.0,37910.0,1228,2770,-1542,7,24
2025-11-04 19:59:39,119985,0,46107.0,37910.0,1233,2775,-1542,12,18
2025-11-04 19:59:34,119967,0,45992.0,37910.0,1252,2820,-1568,26,35
2025-11-04 19:59:29,119973,0,45926.0,37921.0,1209,2849,-1640,6,36
2025-11-04 19:59:24,120081,0,45501.0,37921.0,1587,2834,-1247,23,51
2025-11-04 19:59:19,120279,0,44437.0,37921.0,2146,2801,-655,10,18
2025-11-04 19:59:14,120285,0,44406.0,37921.0,2174,2812,-638,17,22
2025-11-04 19:59:09,120325,0,44303.0,37921.0,2274,2806,-532,11,37
2025-11-04 19:59:04,120340,0,44265.0,37921.0,2306,2786,-480,16,12
2025-11-04 19:58:58,120354,0,44261.0,37921.0,2321,2770,-449,6,18
2025-11-04 19:58:53,120362,0,44260.0,37905.0,2315,2767,-452,13,26
2025-11-04 19:58:48,120334,0,44245.0,37905.0,2322,2775,-453,13,8
2025-11-04 19:58:43,120332,0,44242.0,37905.0,2304,2787,-483,13,7
2025-11-04 19:58:38,120321,0,44224.0,37905.0,2287,2785,-498,14,7
2025-11-04 19:58:33,120326,0,44215.0,37905.0,2295,2789,-494,24,11
2025-11-04 19:58:28,120337,0,44212.0,37916.0,2298,2785,-487,15,29
2025-11-04 19:58:23,120326,0,44192.0,37916.0,2288,2782,-494,15,34
2025-11-04 19:58:18,120330,0,44178.0,37916.0,2290,2779,-489,15,21
2025-11-04 19:58:13,120342,0,44160.0,37916.0,2322,2788,-466,20,16
2025-11-04 19:58:08,120341,0,44155.0,37916.0,2321,2788,-467,19,18
2025-11-04 19:58:03,120342,0,44118.0,37916.0,2305,2776,-471,17,36
2025-11-04 19:57:57,120338,0,44115.0,37916.0,2308,2791,-483,10,23
2025-11-04 19:57:52,120330,0,44110.0,37903.0,2297,2783,-486,12,25
2025-11-04 19:57:47,120330,0,44108.0,37903.0,2309,2785,-476,23,5
2025-11-04 19:57:42,120333,0,44104.0,37903.0,2302,2784,-482,6,19
2025-11-04 19:57:37,120350,0,44089.0,37903.0,2309,2799,-490,9,15
2025-11-04 19:57:32,120353,0,44081.0,37903.0,2315,2794,-479,15,30
2025-11-04 19:57:27,120355,0,44075.0,37903.0,2332,2776,-444,15,15
2025-11-04 19:57:22,120353,0,44068.0,37903.0,2316,2796,-480,16,15
2025-11-04 19:57:17,120353,0,44065.0,37903.0,2329,2798,-469,14,32
2025-11-04 19:57:12,120351,0,44052.0,37920.0,2328,2792,-464,22,34
2025-11-04 19:57:07,120380,0,44037.0,37920.0,2329,2793,-464,11,33
2025-11-04 19:57:01,120380,0,44037.0,37920.0,2328,2782,-454,8,29
2025-11-04 19:56:56,120380,0,44037.0,37920.0,2328,2782,-454,9,19
2025-11-04 19:56:51,120366,0,44034.0,37920.0,2309,2775,-466,15,20
2025-11-04 19:56:46,120368,0,44030.0,37920.0,2314,2783,-469,11,24
2025-11-04 19:56:41,120403,0,44024.0,37920.0,2316,2773,-457,10,13
2025-11-04 19:56:36,120405,0,44021.0,37920.0,2319,2764,-445,10,42
2025-11-04 19:56:31,120385,0,43999.0,37910.0,2340,2769,-429,18,17
2025-11-04 19:56:25,120399,0,43988.0,37910.0,2326,2785,-459,8,9
2025-11-04 19:56:20,120405,0,43982.0,37910.0,2335,2771,-436,20,16
2025-11-04 19:56:15,120400,0,43981.0,37910.0,2318,2765,-447,15,18
2025-11-04 19:56:10,120400,0,43978.0,37910.0,2308,2763,-455,15,16
2025-11-04 19:56:05,120400,0,43976.0,37910.0,2322,2766,-444,12,12
2025-11-04 19:56:00,120405,0,43971.0,37910.0,2310,2757,-447,10,12
2025-11-04 19:55:55,120421,0,43970.0,37910.0,2321,2765,-444,13,11
2025-11-04 19:55:50,120400,0,43968.0,37910.0,2307,2761,-454,10,29
2025-11-04 19:55:45,120431,0,43962.0,37910.0,2318,2755,-437,13,5
2025-11-04 19:55:40,120385,0,43955.0,37910.0,2309,2778,-469,13,22
2025-11-04 19:44:12,120550,0,42903.0,37916.0,2261,2726,-465,22,25
2025-11-04 19:44:07,120560,0,42894.0,37916.0,2260,2730,-470,30,10
2025-11-04 19:44:02,120560,0,42891.0,37916.0,2273,2696,-423,8,6
2025-11-04 19:43:57,120537,0,42870.0,37895.0,2255,2714,-459,13,17
2025-11-04 19:43:52,120542,0,42869.0,37895.0,2263,2724,-461,14,15
2025-11-04 19:43:47,120538,0,42866.0,37895.0,2264,2715,-451,20,6
2025-11-04 19:43:42,120538,0,42866.0,37895.0,2270,2743,-473,13,10
2025-11-04 19:43:37,120503,0,42845.0,37895.0,2247,2753,-506,23,9
2025-11-04 19:43:31,120508,0,42843.0,37902.0,2251,2733,-482,13,9
2025-11-04 19:43:26,120525,0,42841.0,37902.0,2256,2735,-479,8,10
2025-11-04 19:43:21,120538,0,42835.0,37902.0,2235,2726,-491,5,10
2025-11-04 19:43:16,120539,0,42828.0,37902.0,2246,2754,-508,8,10
2025-11-04 19:43:11,120549,0,42806.0,37901.0,2255,2721,-466,15,11
2025-11-04 19:43:06,120537,0,42786.0,37901.0,2265,2731,-466,13,25
2025-11-04 19:43:01,120540,0,42782.0,37901.0,2250,2737,-487,13,15
2025-11-04 19:42:55,120549,0,42778.0,37901.0,2249,2724,-475,14,21
2025-11-04 19:42:50,120550,0,42775.0,37901.0,2251,2728,-477,10,17
2025-11-04 19:42:45,120528,0,42762.0,37907.0,2267,2723,-456,9,12
2025-11-04 19:42:40,120510,0,42722.0,37907.0,2253,2731,-478,6,7
2025-11-04 19:42:35,120479,0,42711.0,37907.0,2244,2734,-490,10,9
2025-11-04 19:42:30,120488,0,42708.0,37928.0,2226,2743,-517,5,14
2025-11-04 19:42:25,120488,0,42708.0,37928.0,2226,2739,-513,6,15
2025-11-04 19:42:20,120478,0,42705.0,37928.0,2220,2746,-526,16,25
2025-11-04 19:42:14,120500,0,42657.0,37928.0,2265,2737,-472,28,7
2025-11-04 19:42:09,120512,0,42640.0,37928.0,2270,2708,-438,48,9
2025-11-04 19:42:04,120491,0,42635.0,37928.0,2266,2707,-441,5,11
2025-11-04 19:41:59,120481,0,42630.0,37957.0,2263,2710,-447,11,12
2025-11-04 19:41:54,120498,0,42626.0,37957.0,2250,2737,-487,43,20
2025-11-04 19:41:48,120489,0,42619.0,37957.0,2268,2728,-460,8,21
2025-11-04 19:41:43,120522,0,42604.0,37957.0,2268,2701,-433,6,11
2025-11-04 19:41:38,120490,0,42556.0,37957.0,2268,2719,-451,45,28
2025-11-04 19:41:33,120479,0,42540.0,37957.0,2243,2735,-492,32,6
2025-11-04 19:41:28,120479,0,42536.0,37957.0,2233,2748,-515,12,12
2025-11-04 19:41:23,120460,0,42526.0,37957.0,2211,2751,-540,5,11
2025-11-04 19:41:18,120451,0,42522.0,37961.0,2210,2763,-553,5,13
2025-11-04 19:41:13,120455,0,42509.0,37961.0,2211,2742,-531,11,13
2025-11-04 19:41:08,120419,0,42482.0,37961.0,2217,2771,-554,9,40
2025-11-04 19:41:03,120401,0,42467.0,37961.0,2224,2796,-572,12,20
2025-11-04 19:40:57,120409,0,42463.0,37961.0,2217,2800,-583,19,15
2025-11-04 19:40:52,120380,0,42456.0,37961.0,2198,2809,-611,9,7
2025-11-04 19:40:47,120375,0,42455.0,37961.0,2191,2843,-652,7,27
2025-11-04 19:40:42,120370,0,42449.0,37961.0,2190,2833,-643,24,26
2025-11-04 19:40:37,120379,0,42440.0,37961.0,2184,2835,-651,5,13
2025-11-04 19:40:32,120371,0,42425.0,37958.0,2191,2838,-647,8,17
2025-11-04 19:40:27,120402,0,42413.0,37958.0,2190,2825,-635,7,10
2025-11-04 19:40:22,120391,0,42412.0,37958.0,2200,2810,-610,17,8
2025-11-04 19:40:16,120375,0,42406.0,37958.0,2182,2813,-631,12,5
2025-11-04 19:40:11,120413,0,42401.0,37958.0,2195,2803,-608,17,13
2025-11-04 19:40:06,120380,0,42387.0,37958.0,2172,2802,-630,12,13
2025-11-04 19:40:01,120416,0,42370.0,37958.0,2182,2802,-620,6,16
2025-11-04 19:39:56,120416,0,42370.0,37958.0,2184,2800,-616,13,14
2025-11-04 19:39:51,120416,0,42366.0,37958.0,2184,2786,-602,7,15
2025-11-04 19:39:46,120407,0,42358.0,37945.0,2185,2751,-566,6,14
2025-11-04 19:39:41,120390,0,42267.0,37945.0,2167,2814,-647,10,27
2025-11-04 19:39:35,120390,0,42263.0,37945.0,2168,2830,-662,10,23
2025-11-04 19:39:30,120379,0,42258.0,37945.0,2161,2818,-657,8,41
2025-11-04 19:39:25,120376,0,42249.0,37944.0,2163,2818,-655,10,9
2025-11-04 19:39:20,120394,0,42242.0,37944.0,2172,2773,-601,5,35
2025-11-04 19:39:15,120390,0,42206.0,37944.0,2159,2799,-640,10,45
2025-11-04 19:39:10,120390,0,42205.0,37941.0,2164,2787,-623,6,37
2025-11-04 19:39:05,120390,0,42188.0,37941.0,2161,2777,-616,12,21
2025-11-04 19:39:00,120379,0,42183.0,37941.0,2157,2790,-633,7,13
2025-11-04 19:38:55,120372,0,42179.0,37941.0,2156,2816,-660,15,15
2025-11-04 19:38:50,120343,0,42153.0,37941.0,2152,2795,-643,10,18
2025-11-04 19:38:44,120343,0,42146.0,37899.0,2137,2809,-672,11,11
2025-11-04 19:38:39,120340,0,42131.0,37899.0,2140,2804,-664,11,16
2025-11-04 19:38:34,120352,0,42117.0,37899.0,2151,2793,-642,20,17
2025-11-04 19:38:29,120360,0,42112.0,37899.0,2145,2786,-641,14,19
2025-11-04 19:38:24,120362,0,42082.0,37899.0,2156,2787,-631,9,19
2025-11-04 19:38:19,120378,0,42074.0,37899.0,2156,2807,-651,9,6
2025-11-04 19:38:13,120387,0,42064.0,37899.0,2155,2793,-638,15,13
2025-11-04 19:38:08,120394,0,42060.0,37899.0,2164,2790,-626,5,13
2025-11-04 19:38:03,120399,0,42058.0,37886.0,2165,2773,-608,9,32
2025-11-04 19:37:58,120390,0,42046.0,37886.0,2167,2783,-616,10,34
2025-11-04 19:37:53,120362,0,42015.0,37886.0,2153,2776,-623,10,21
2025-11-04 19:37:48,120393,0,42008.0,37886.0,2152,2801,-649,11,11
2025-11-04 19:37:42,120400,0,41994.0,37886.0,2143,2779,-636,7,11
2025-11-04 19:37:37,120400,0,41972.0,37847.0,2153,2797,-644,7,14
2025-11-04 19:37:32,120433,0,41961.0,37847.0,2168,2800,-632,11,10
2025-11-04 19:37:27,120430,0,41908.0,37847.0,2160,2784,-624,13,26
2025-11-04 19:37:22,120440,0,41898.0,37847.0,2158,2760,-602,13,12
2025-11-04 19:37:17,120455,0,41872.0,37847.0,2159,2728,-569,23,13
2025-11-04 19:37:11,120441,0,41860.0,37847.0,2161,2703,-542,23,17
2025-11-04 19:37:06,120455,0,41849.0,37847.0,2172,2704,-532,12,17
2025-11-04 19:37:01,120423,0,41832.0,37843.0,2184,2694,-510,14,7
2025-11-04 19:36:56,120403,0,41819.0,37843.0,2160,2701,-541,11,15
2025-11-04 19:36:51,120400,0,41813.0,37843.0,2150,2695,-545,6,16
2025-11-04 19:36:46,120392,0,41805.0,37843.0,2151,2714,-563,8,15
2025-11-04 19:36:41,120408,0,41793.0,37843.0,2153,2713,-560,10,18
2025-11-04 19:36:35,120400,0,41783.0,37815.0,2147,2699,-552,7,13
2025-11-04 19:36:30,120415,0,41754.0,37815.0,2155,2690,-535,13,14
2025-11-04 19:36:25,120368,0,41712.0,37815.0,2156,2694,-538,15,29
2025-11-04 19:36:20,120361,0,41692.0,37815.0,2161,2719,-558,10,14
2025-11-04 19:36:15,120369,0,41666.0,37815.0,2125,2716,-591,6,13
2025-11-04 19:36:09,120340,0,41619.0,37808.0,2122,2735,-613,13,19
2025-11-04 19:36:04,120349,0,41582.0,37808.0,2104,2734,-630,9,11
2025-11-04 19:35:59,120333,0,41535.0,37808.0,2112,2704,-592,14,6
2025-11-04 19:35:54,120349,0,41528.0,37808.0,2097,2700,-603,11,9
2025-11-04 19:35:49,120314,0,41508.0,37705.0,2099,2720,-621,15,12
2025-11-04 19:35:44,120320,0,41333.0,37705.0,2188,2757,-569,20,16
2025-11-04 19:35:39,120336,0,41292.0,37705.0,2225,2749,-524,19,8
2025-11-04 19:35:33,120350,0,41242.0,37705.0,2262,2722,-460,32,21
2025-11-04 19:35:28,120370,0,41228.0,37705.0,2273,2716,-443,42,18
2025-11-04 19:35:23,120375,0,41214.0,37706.0,2274,2702,-428,8,13
2025-11-04 19:35:18,120375,0,41182.0,37706.0,2274,2713,-439,46,23
2025-11-04 19:35:12,120377,0,41179.0,37706.0,2289,2711,-422,10,17
2025-11-04 19:35:07,120380,0,41156.0,37706.0,2290,2694,-404,7,16
2025-11-04 19:35:02,120379,0,41137.0,37713.0,2285,2687,-402,11,11
2025-11-04 19:34:57,120387,0,41108.0,37713.0,2226,2687,-461,6,16
2025-11-04 19:34:52,120390,0,41105.0,37713.0,2229,2698,-469,6,13
2025-11-04 19:34:47,120411,0,41094.0,37713.0,2247,2669,-422,12,12
2025-11-04 19:34:42,120415,0,41093.0,37713.0,2237,2680,-443,10,11
2025-11-04 19:34:36,120406,0,41072.0,37713.0,2238,2683,-445,21,17
2025-11-04 19:34:31,120374,0,41003.0,37727.0,2198,2705,-507,12,24
2025-11-04 19:34:26,120388,0,40991.0,37727.0,2213,2690,-477,16,17
2025-11-04 19:34:21,120380,0,40988.0,37727.0,2206,2696,-490,9,25
2025-11-04 19:34:16,120380,0,40982.0,37727.0,2204,2678,-474,9,28
2025-11-04 19:34:11,120399,0,40972.0,37773.0,2208,2681,-473,17,27
2025-11-04 19:34:06,120396,0,40945.0,37773.0,2198,2669,-471,16,24
2025-11-04 19:34:01,120382,0,40919.0,37773.0,2195,2667,-472,10,39
2025-11-04 19:33:56,120371,0,40893.0,37773.0,2188,2673,-485,13,12
2025-11-04 19:33:51,120380,0,40846.0,37797.0,2191,2653,-462,7,28
2025-11-04 19:33:46,120380,0,40833.0,37797.0,2187,2664,-477,12,22
2025-11-04 19:33:41,120380,0,40829.0,37797.0,2198,2664,-466,16,13
2025-11-04 19:33:35,120397,0,40822.0,37797.0,2193,2674,-481,14,36
2025-11-04 19:33:30,120400,0,40807.0,37797.0,2185,2662,-477,12,49
2025-11-04 19:33:25,120394,0,40780.0,37800.0,2175,2669,-494,17,13
2025-11-04 19:33:20,120380,0,40772.0,37800.0,2189,2659,-470,10,6
2025-11-04 19:33:15,120376,0,40731.0,37800.0,2189,2683,-494,12,13
2025-11-04 19:33:09,120396,0,40718.0,37788.0,2197,2673,-476,18,10
2025-11-04 19:33:04,120418,0,40639.0,37788.0,2249,2633,-384,59,22
2025-11-04 19:32:59,120421,0,40626.0,37788.0,2261,2616,-355,65,13
2025-11-04 19:32:54,120433,0,40586.0,37788.0,2291,2609,-318,6,10
2025-11-04 19:32:49,120416,0,40580.0,37788.0,2280,2602,-322,14,19
2025-11-04 19:32:44,120408,0,40549.0,37788.0,2267,2602,-335,17,9
2025-11-04 19:32:39,120404,0,40536.0,37806.0,2262,2592,-330,17,10
2025-11-04 19:32:34,120406,0,40526.0,37806.0,2260,2591,-331,13,10
2025-11-04 19:32:29,120430,0,40522.0,37806.0,2263,2579,-316,13,10
2025-11-04 19:32:24,120446,0,40471.0,37806.0,2279,2603,-324,8,10
2025-11-04 19:32:19,120457,0,40469.0,37806.0,2307,2577,-270,8,11
2025-11-04 19:32:13,120451,0,40457.0,37806.0,2290,2580,-290,10,10
2025-11-04 19:32:08,120464,0,40451.0,37806.0,2296,2564,-268,9,8
2025-11-04 19:32:03,120436,0,40441.0,37806.0,2280,2550,-270,14,5
2025-11-04 19:31:58,120422,0,40434.0,37801.0,2266,2585,-319,10,15
2025-11-04 19:31:53,120425,0,40426.0,37801.0,2264,2590,-326,11,12
2025-11-04 19:31:48,120424,0,40408.0,37801.0,2264,2601,-337,14,9
2025-11-04 19:31:43,120463,0,40380.0,37801.0,2268,2603,-335,14,18
2025-11-04 19:31:38,120440,0,40365.0,37801.0,2262,2579,-317,18,32
2025-11-04 19:31:33,120427,0,40346.0,37801.0,2243,2598,-355,7,22
2025-11-04 19:31:28,120450,0,40322.0,37804.0,2261,2574,-313,7,32
2025-11-04 19:31:23,120420,0,40321.0,37804.0,2239,2585,-346,6,25
2025-11-04 19:31:18,120424,0,40294.0,37804.0,2246,2604,-358,16,25
2025-11-04 19:31:12,120450,0,40255.0,37804.0,2267,2593,-326,14,22
2025-11-04 19:31:07,120472,0,40234.0,37804.0,2286,2582,-296,20,10
2025-11-04 19:31:02,120486,0,40229.0,37804.0,2277,2554,-277,11,13
2025-11-04 19:30:57,120500,0,40225.0,37804.0,2275,2562,-287,11,16
2025-11-04 19:30:52,120460,0,40215.0,37804.0,2273,2593,-320,7,9
2025-11-04 19:30:47,120474,0,40177.0,37825.0,2290,2595,-305,25,15
2025-11-04 19:30:42,120480,0,40167.0,37825.0,2305,2592,-287,16,18
2025-11-04 19:30:37,120460,0,40141.0,37825.0,2292,2602,-310,29,19
2025-11-04 19:30:32,120510,0,40053.0,37825.0,2373,2583,-210,37,19
2025-11-04 19:30:27,120518,0,40025.0,37825.0,2366,2590,-224,37,13
2025-11-04 19:30:22,120508,0,40021.0,37825.0,2375,2594,-219,15,9
2025-11-04 19:30:17,120516,0,40012.0,37814.0,2375,2606,-231,46,11
2025-11-04 19:30:11,120535,0,39990.0,37814.0,2395,2595,-200,12,12
2025-11-04 19:30:06,120560,0,39972.0,37814.0,2398,2595,-197,16,16
2025-11-04 19:29:56,120580,0,39965.0,37821.0,2411,2596,-185,25,13
2025-11-04 19:29:51,120585,0,39961.0,37821.0,2413,2595,-182,20,14
2025-11-04 19:29:46,120600,0,39955.0,37821.0,2417,2565,-148,15,11
2025-11-04 19:29:41,120585,0,39938.0,37821.0,2410,2570,-160,13,14
2025-11-04 19:29:36,120585,0,39938.0,37821.0,2398,2573,-175,11,10
2025-11-04 19:29:31,120585,0,39938.0,37821.0,2396,2569,-173,12,15
2025-11-04 19:29:26,120602,0,39934.0,37821.0,2397,2561,-164,6,19
2025-11-04 19:29:21,120612,0,39932.0,37821.0,2397,2571,-174,8,9
2025-11-04 19:29:16,120631,0,39929.0,37821.0,2407,2554,-147,6,17
2025-11-04 19:29:10,120631,0,39929.0,37821.0,2408,2554,-146,14,11
2025-11-04 19:29:05,120642,0,39924.0,37821.0,2404,2562,-158,10,17
2025-11-04 19:29:00,120649,0,39921.0,37821.0,2404,2567,-163,9,11
2025-11-04 19:28:55,120638,0,39920.0,37821.0,2410,2546,-136,14,10
2025-11-04 19:28:49,120644,0,39918.0,37841.0,2410,2536,-126,14,18
2025-11-04 19:28:44,120628,0,39910.0,37841.0,2407,2538,-131,9,6
2025-11-04 19:28:39,120599,0,39895.0,37841.0,2406,2560,-154,6,16
2025-11-04 19:28:34,120619,0,39888.0,37841.0,2415,2569,-154,13,25
2025-11-04 19:28:29,120619,0,39887.0,37841.0,2420,2560,-140,18,16
2025-11-04 19:28:24,120625,0,39886.0,37846.0,2415,2568,-153,13,14
2025-11-04 19:28:19,120628,0,39885.0,37846.0,2417,2562,-145,9,25
2025-11-04 19:28:14,120628,0,39884.0,37846.0,2421,2541,-120,7,11
2025-11-04 19:28:09,120602,0,39883.0,37846.0,2424,2538,-114,23,17
2025-11-04 19:28:03,120620,0,39861.0,37850.0,2421,2539,-118,14,11
2025-11-04 19:27:58,120621,0,39859.0,37850.0,2424,2533,-109,15,11
2025-11-04 19:27:53,120625,0,39857.0,37850.0,2412,2533,-121,14,15
2025-11-04 19:27:48,120621,0,39850.0,37850.0,2418,2537,-119,7,14
2025-11-04 19:27:43,120621,0,39849.0,37850.0,2419,2537,-118,14,14
2025-11-04 19:27:29,120620,0,39841.0,37850.0,2410,2540,-130,14,23
2025-11-04 19:27:24,120619,0,39839.0,37850.0,2404,2537,-133,10,21
2025-11-04 19:27:19,120595,0,39837.0,37850.0,2396,2546,-150,11,6
2025-11-04 19:27:14,120625,0,39828.0,37850.0,2407,2537,-130,18,20
2025-11-04 19:27:09,120605,0,39826.0,37850.0,2412,2526,-114,14,20
2025-11-04 19:27:04,120628,0,39821.0,37850.0,2422,2523,-101,8,17
2025-11-04 19:26:59,120610,0,39817.0,37863.0,2411,2516,-105,17,7
2025-11-04 19:26:54,120595,0,39781.0,37863.0,2407,2551,-144,14,37
2025-11-04 19:26:49,120595,0,39780.0,37863.0,2394,2571,-177,10,6
2025-11-04 19:26:44,120595,0,39779.0,37863.0,2394,2554,-160,10,7
2025-11-04 19:26:39,120605,0,39778.0,37863.0,2398,2545,-147,10,30
2025-11-04 19:26:33,120605,0,39778.0,37853.0,2404,2535,-131,15,24
2025-11-04 19:26:28,120610,0,39777.0,37853.0,2410,2526,-116,15,16
2025-11-04 19:26:23,120609,0,39776.0,37853.0,2424,2527,-103,8,13
2025-11-04 19:26:18,120602,0,39771.0,37853.0,2408,2529,-121,14,15
2025-11-04 19:26:13,120610,0,39770.0,37853.0,2411,2533,-122,17,15
2025-11-04 19:26:08,120609,0,39768.0,37853.0,2412,2538,-126,14,11
2025-11-04 19:26:03,120610,0,39760.0,37853.0,2409,2526,-117,13,10
2025-11-04 19:25:58,120610,0,39760.0,37853.0,2417,2529,-112,16,9
2025-11-04 19:25:53,120580,0,39755.0,37853.0,2421,2560,-139,7,17
2025-11-04 19:25:48,120580,0,39742.0,37859.0,2408,2582,-174,6,13
2025-11-04 19:25:43,120592,0,39740.0,37859.0,2407,2565,-158,12,14
2025-11-04 19:25:38,120580,0,39736.0,37859.0,2401,2582,-181,13,13
2025-11-04 19:25:32,120595,0,39732.0,37847.0,2392,2557,-165,15,9
2025-11-04 19:25:27,120606,0,39727.0,37847.0,2394,2547,-153,12,14
2025-11-04 19:25:22,120600,0,39724.0,37847.0,2394,2549,-155,13,17
2025-11-04 19:25:17,120607,0,39718.0,37847.0,2397,2533,-136,13,15
2025-11-04 19:25:12,120621,0,39712.0,37847.0,2403,2526,-123,20,6
2025-11-04 19:25:07,120629,0,39710.0,37847.0,2404,2523,-119,15,9
2025-11-04 19:25:02,120608,0,39695.0,37886.0,2404,2522,-118,19,7
2025-11-04 19:24:57,120620,0,39685.0,37886.0,2422,2519,-97,8,12
2025-11-04 19:24:52,120620,0,39683.0,37886.0,2414,2510,-96,16,17
2025-11-04 19:24:47,120620,0,39678.0,37886.0,2408,2513,-105,16,13
2025-11-04 19:24:42,120600,0,39671.0,37886.0,2406,2514,-108,14,6
2025-11-04 19:24:37,120579,0,39659.0,37886.0,2405,2508,-103,13,5
2025-11-04 19:24:31,120560,0,39647.0,37886.0,2402,2531,-129,23,21
2025-11-04 19:24:26,120565,0,39624.0,37886.0,2377,2565,-188,10,21
2025-11-04 19:24:21,120565,0,39622.0,37871.0,2377,2556,-179,14,20
2025-11-04 19:24:16,120550,0,39617.0,37871.0,2371,2566,-195,13,16
2025-11-04 19:24:11,120558,0,39614.0,37871.0,2369,2552,-183,9,12
2025-11-04 19:24:06,120567,0,39607.0,37871.0,2371,2541,-170,14,12
2025-11-04 19:24:01,120558,0,39601.0,37871.0,2370,2544,-174,14,5
2025-11-04 19:23:56,120558,0,39601.0,37871.0,2370,2549,-179,14,6
2025-11-04 19:23:51,120550,0,39597.0,37871.0,2361,2556,-195,6,11
2025-11-04 19:23:46,120565,0,39595.0,37871.0,2361,2560,-199,14,7
2025-11-04 19:23:40,120559,0,39591.0,37871.0,2363,2548,-185,13,15
2025-11-04 19:23:35,120548,0,39575.0,37871.0,2353,2571,-218,15,9
2025-11-04 19:23:30,120568,0,39571.0,37871.0,2350,2545,-195,12,12
2025-11-04 19:23:25,120543,0,39567.0,37871.0,2344,2557,-213,11,6
2025-11-04 19:23:20,120560,0,39563.0,37871.0,2346,2555,-209,11,8
2025-11-04 19:23:15,120559,0,39562.0,37871.0,2354,2516,-162,13,26
